name,sex,first,second
ANNA,F,1063756,896075
KATARZYNA,F,602474,417253
MAŁGORZATA,F,572067,332219
MARIA,F,566902,1463775
AGNIESZKA,F,544968,274995
EWA,F,469822,371367
BARBARA,F,467697,400538
MAGDALENA,F,434117,302057
ELŻBIETA,F,404679,310423
JOANNA,F,401861,199646
ALEKSANDRA,F,390147,116565
KRYSTYNA,F,383140,217465
MONIKA,F,376767,163961
ZOFIA,F,360466,263963
NATALIA,F,320219,79630
JULIA,F,314539,86782
TERESA,F,312053,350228
KAROLINA,F,295011,112417
MARTA,F,289122,134853
DANUTA,F,286032,128037
BEATA,F,278457,120029
DOROTA,F,266291,133287
ALICJA,F,254745,87113
JOLANTA,F,233614,116905
HANNA,F,231647,36833
ZUZANNA,F,231506,45768
IWONA,F,230870,83664
HALINA,F,226656,85378
PAULINA,F,224208,68958
GRAŻYNA,F,223100,94852
JADWIGA,F,218462,191318
JUSTYNA,F,216299,74767
WIKTORIA,F,209093,99403
JANINA,F,198471,156102
IRENA,F,196353,116390
BOŻENA,F,194754,79750
MAJA,F,188657,23981
RENATA,F,185837,58268
AGATA,F,184481,81435
SYLWIA,F,181946,73064
URSZULA,F,180127,100458
PATRYCJA,F,169495,62515
OLIWIA,F,166399,30431
EMILIA,F,165157,49295
IZABELA,F,159119,79878
HELENA,F,155762,153754
WERONIKA,F,151660,118627
ANETA,F,151255,32961
EWELINA,F,148020,36279
MARTYNA,F,143235,20485
KLAUDIA,F,139055,34836
GABRIELA,F,137274,43983
LENA,F,134384,12851
AMELIA,F,129834,18123
MARZENA,F,128745,41962
DOMINIKA,F,123333,48445
KINGA,F,121584,59574
EDYTA,F,113456,39194
KAMILA,F,111676,31311
MARIANNA,F,106305,75595
ALINA,F,104157,23742
WIESŁAWA,F,100971,39733
STANISŁAWA,F,100184,118635
TETIANA,F,95030,26
DARIA,F,89850,25101
NATALIIA,F,89800,18
WANDA,F,88112,55877
OLENA,F,85143,119
LAURA,F,82455,18758
IRYNA,F,82258,35
LIDIA,F,81723,34587
MARIOLA,F,81131,31466
NIKOLA,F,79041,10371
MILENA,F,78513,9349
LUCYNA,F,77658,36876
ANTONINA,F,73894,41396
WIOLETTA,F,72214,21246
OLHA,F,67648,25
MIROSŁAWA,F,67643,25898
OKSANA,F,65217,332
ANGELIKA,F,64883,20626
MARIIA,F,64291,446
SVITLANA,F,61749,9
OLGA,F,61483,16131
MICHALINA,F,60713,22953
ANASTASIIA,F,60583,54
YULIIA,F,59533,23
VIKTORIIA,F,59146,93
NADIA,F,55625,6690
ILONA,F,55357,12936
SANDRA,F,54774,12594
KORNELIA,F,54205,10031
POLA,F,53478,4235
BOGUMIŁA,F,52928,31024
LILIANA,F,52509,6730
IGA,F,51511,5398
KATERYNA,F,50822,46
ŁUCJA,F,50643,53836
NINA,F,50358,6529
MARCELINA,F,50255,8046
KAZIMIERA,F,49361,71196
MARLENA,F,48612,10376
ANITA,F,45972,12413
BOGUSŁAWA,F,45946,23142
SABINA,F,45672,25597
JAGODA,F,45493,10311
LIUDMYLA,F,44994,3
GENOWEFA,F,43627,26672
HENRYKA,F,42996,24295
REGINA,F,39499,22781
JÓZEFA,F,39367,73702
STEFANIA,F,39291,41552
ANIELA,F,38898,33433
DIANA,F,38385,6314
KARINA,F,37856,8864
ADRIANNA,F,35484,7626
HALYNA,F,34837,6
CZESŁAWA,F,34388,21104
SARA,F,34339,9818
WIOLETA,F,34244,11479
KLARA,F,32842,13917
SOFIIA,F,32776,58
WŁADYSŁAWA,F,32513,31774
ROKSANA,F,32148,7453
MARYNA,F,31841,73
DAGMARA,F,31830,10660
MALWINA,F,30966,6493
VALENTYNA,F,30557,28
ELIZA,F,29641,10178
NADIIA,F,29079,16
BLANKA,F,28489,4153
KAJA,F,28471,3425
RÓŻA,F,27758,22252
ŻANETA,F,27030,6593
ANASTAZJA,F,26005,16303
OLEKSANDRA,F,25802,55
CECYLIA,F,24431,25409
ZDZISŁAWA,F,23939,14414
ROZALIA,F,23505,19263
LILIANNA,F,23491,3810
INNA,F,22554,13
BERNADETA,F,22382,16402
JULITA,F,21916,5644
LIUBOV,F,21350,6
LEOKADIA,F,21060,13232
YANA,F,20948,14
NELA,F,20804,1263
VIOLETTA,F,20692,4880
ALDONA,F,20683,6814
MATYLDA,F,19259,6297
EUGENIA,F,18840,10636
VERONIKA,F,18839,412
BRONISŁAWA,F,18693,23784
MAGDA,F,18399,7116
DANIELA,F,18238,8010
LARYSA,F,18008,502
VALERIIA,F,17574,9
AURELIA,F,17536,5911
CELINA,F,17524,8808
ADRIANA,F,16635,4812
ALLA,F,16198,10
PAULA,F,15837,5692
HONORATA,F,15459,9765
KALINA,F,15051,2460
LILIIA,F,15008,8
OLIVIA,F,14478,2123
IZABELLA,F,14477,6739
MIA,F,14178,2112
BRYGIDA,F,13969,9272
ALONA,F,13912,11
MARIKA,F,13735,2564
YELYZAVETA,F,13721,15
TAMARA,F,13586,2637
POLINA,F,13533,23
SONIA,F,13150,3134
KHRYSTYNA,F,12668,31
ELWIRA,F,12430,4645
MARZANNA,F,12207,3119
ANDŻELIKA,F,11818,4095
BOŻENNA,F,11766,4017
MIECZYSŁAWA,F,11724,12016
LUIZA,F,11721,7056
IVANNA,F,11678,38
TATIANA,F,11548,2413
MARIANA,F,11374,112
VICTORIA,F,11356,3937
GERTRUDA,F,11284,12124
ARLETA,F,11181,2422
LIWIA,F,11050,1573
VIRA,F,10280,11
NICOLE,F,10226,1964
YEVHENIIA,F,10184,6
ANHELINA,F,10099,11
JUDYTA,F,9905,3892
DARYNA,F,9476,7
ADELA,F,9322,4330
NICOLA,F,9264,1362
ELENA,F,9179,1470
MELANIA,F,9084,2472
NATASZA,F,9060,2333
VANESSA,F,8959,1695
JOWITA,F,8866,3000
MARHARYTA,F,8624,11
MILANA,F,8562,62
APOLONIA,F,8546,6139
LESIA,F,8528,6
SOFIA,F,8475,1848
BIANKA,F,8381,1269
FRANCISZKA,F,8226,23959
INGA,F,8178,2125
ADA,F,8150,1627
JESSICA,F,8093,1544
KARYNA,F,7910,37
YEVA,F,7674,6
MAYA,F,7614,754
ESTERA,F,7566,3496
ALISA,F,7547,51
ZLATA,F,7490,25
ULIANA,F,7474,24
ROMANA,F,7455,5105
KIRA,F,7389,134
LIDIIA,F,7300,3
ALFREDA,F,7270,3337
MARZENNA,F,7196,1567
EMMA,F,7107,1764
OLESIA,F,7047,17
JULIANNA,F,6974,6471
ELEONORA,F,6777,5450
LILIA,F,6746,1337
MYROSLAVA,F,6744,4
RITA,F,6732,8311
IDA,F,6675,1713
BERNADETTA,F,6561,4492
KSENIIA,F,6527,6
KRISTINA,F,6331,302
RUSLANA,F,6289,5
ARINA,F,6168,13
FELICJA,F,6139,4716
LUDWIKA,F,6079,7898
GAJA,F,6051,1043
ANETTA,F,6005,1119
ALENA,F,5959,46
DARIIA,F,5948,4
ZENONA,F,5906,2948
DONATA,F,5889,1967
AMANDA,F,5880,2058
VITA,F,5868,15
SOLOMIIA,F,5825,12
LUDMIŁA,F,5727,2518
ANASTASIYA,F,5561,5
WALENTYNA,F,5474,3549
YULIYA,F,5295,4
ZOJA,F,5291,413
WACŁAWA,F,5254,5487
TATSIANA,F,5207,0
OTYLIA,F,5191,3211
ALBINA,F,5106,2309
ROMUALDA,F,4993,2556
VLADYSLAVA,F,4985,4
IRMINA,F,4973,1971
KATSIARYNA,F,4956,0
ZENOBIA,F,4949,2029
VOLHA,F,4923,2
VIKTORIA,F,4902,986
GIZELA,F,4881,1585
HILDEGARDA,F,4836,1843
LILLA,F,4715,1258
ZHANNA,F,4684,3
ALEXANDRA,F,4618,1975
NATALLIA,F,4611,0
SŁAWOMIRA,F,4550,2318
VARVARA,F,4546,11
ANGELINA,F,4511,946
BOHDANA,F,4495,30
RAISA,F,4489,108
JAŚMINA,F,4485,799
BERNARDA,F,4441,2698
NEL,F,4409,501
ANZHELA,F,4324,3
LILA,F,4222,1104
IRINA,F,4205,76
ERYKA,F,4135,1938
KAMILLA,F,4088,1153
EVA,F,4020,1240
JAGNA,F,3972,437
LONGINA,F,3949,1465
DARYA,F,3925,5
FAUSTYNA,F,3875,9177
MARINA,F,3862,261
MIRELA,F,3854,1046
RYSZARDA,F,3807,2983
SNIZHANA,F,3801,4
EMILIIA,F,3777,13
PELAGIA,F,3714,4280
ANASTASIA,F,3704,354
YAROSLAVA,F,3658,6
NATALIYA,F,3625,2
WALERIA,F,3591,4733
MARYIA,F,3538,12
SAMANTA,F,3527,1137
MARIYA,F,3516,46
TEODORA,F,3478,2341
TEODOZJA,F,3468,1703
OLIMPIA,F,3443,2563
ZORIANA,F,3386,10
KSENIA,F,3342,1009
EMILY,F,3317,626
MARCELA,F,3299,1746
ADELAJDA,F,3281,1624
NOEMI,F,3239,939
GALYNA,F,3207,3
EVELINA,F,3175,50
NIKOL,F,3167,283
SOPHIE,F,3156,1430
MARYLA,F,3145,1541
LEA,F,3122,1034
OKTAWIA,F,3111,1532
KONSTANCJA,F,3096,4246
CLAUDIA,F,3064,568
ANZHELIKA,F,2941,0
PAMELA,F,2887,816
VIKTORYIA,F,2843,2
ANA,F,2842,244
LARA,F,2830,399
ZOIA,F,2786,2
LUCJA,F,2778,1336
NELIA,F,2777,29
MILA,F,2776,225
ZYTA,F,2745,1916
STELLA,F,2739,886
WANESSA,F,2738,657
MICHELLE,F,2713,913
SVIATLANA,F,2661,0
ADELINA,F,2640,116
TOLA,F,2620,158
ZINAIDA,F,2603,17
IULIIA,F,2599,0
INEZ,F,2558,863
BOGNA,F,2542,1392
TETYANA,F,2533,0
MIRELLA,F,2532,569
SARAH,F,2516,614
LIUDMILA,F,2502,0
SVETLANA,F,2462,10
ALIAKSANDRA,F,2444,0
VALENTINA,F,2403,385
TAISIIA,F,2394,0
SOPHIA,F,2389,1043
GANNA,F,2384,0
LEONARDA,F,2374,1533
ANGELA,F,2313,789
OLA,F,2303,615
VASYLYNA,F,2240,8
MIRIAM,F,2238,987
LINA,F,2216,75
KRZYSZTOFA,F,2198,1313
VITALINA,F,2197,3
INES,F,2181,715
NATALIE,F,2156,426
MAIIA,F,2120,0
FELIKSA,F,2107,2799
ANTONIA,F,2076,584
AMINA,F,2066,79
GALINA,F,2050,31
ELINA,F,2037,38
LIVIA,F,1975,245
NADZIEJA,F,1965,1132
KSENIYA,F,1932,3
ROMA,F,1907,1166
GLORIA,F,1900,805
ERIKA,F,1879,386
VERONICA,F,1871,617
MARIETTA,F,1844,468
EDWARDA,F,1843,1488
YANINA,F,1837,21
ANDREA,F,1828,1116
IZA,F,1806,923
NIKA,F,1800,59
MANUELA,F,1791,830
ISABELLA,F,1783,773
ELFRYDA,F,1768,891
SOFIYA,F,1751,9
KLEMENTYNA,F,1743,1386
JANA,F,1739,193
FLORENTYNA,F,1733,1531
BOLESŁAWA,F,1723,1526
ARLETTA,F,1713,341
PALINA,F,1711,0
VALERYIA,F,1671,0
INA,F,1654,91
ROKSOLANA,F,1653,10
MARTINA,F,1646,294
KLAUDYNA,F,1641,493
EKATERINA,F,1628,9
MARGARITA,F,1625,286
YARYNA,F,1625,7
HANNAH,F,1623,266
SALOMEA,F,1623,1814
ALA,F,1622,311
MIRA,F,1622,520
VERANIKA,F,1621,2
ELLA,F,1618,291
ARIANA,F,1613,202
EDELTRAUDA,F,1608,247
GRETA,F,1606,637
LILY,F,1573,367
NADIYA,F,1553,3
YELIZAVETA,F,1543,0
ELIZABETH,F,1533,2673
MALINA,F,1531,671
ELVIRA,F,1527,57
JENNIFER,F,1527,338
VALERIA,F,1498,129
ANDRIANA,F,1493,15
LYUDMYLA,F,1491,0
VERA,F,1483,81
CARMEN,F,1479,485
LIZAVETA,F,1475,0
DANA,F,1471,69
PATRICIA,F,1463,894
DINA,F,1461,93
LINDA,F,1451,484
SABRINA,F,1448,360
ALESIA,F,1446,9
VIOLETA,F,1441,192
ALICE,F,1416,489
RUTA,F,1411,573
GABRIELLA,F,1402,250
DOBROSŁAWA,F,1375,755
LIANA,F,1374,41
HELGA,F,1372,394
NAOMI,F,1366,319
LYUBOV,F,1354,0
YULIANA,F,1343,39
TAMILA,F,1340,0
NICOL,F,1333,282
WIERA,F,1322,145
AURORA,F,1310,677
ALICIA,F,1304,376
AKSANA,F,1291,5
DALIA,F,1278,332
GERDA,F,1266,460
MARCJANNA,F,1265,1115
VIKTORIYA,F,1255,0
CRISTINA,F,1248,551
VLADA,F,1248,3
SIMONA,F,1247,260
MELISA,F,1230,237
LILLY,F,1227,200
MAIA,F,1227,79
CAROLINE,F,1224,416
WANESA,F,1212,406
KRYSTSINA,F,1206,0
MAJKA,F,1204,228
BIANCA,F,1198,182
VITALIIA,F,1196,0
BERNARDYNA,F,1194,734
NASTASSIA,F,1184,5
ANIKA,F,1182,221
MARITA,F,1182,238
EULALIA,F,1179,684
JAROSŁAWA,F,1162,533
NADZEYA,F,1160,0
LARISA,F,1157,42
DŻESIKA,F,1151,286
MARIAM,F,1147,101
IRMGARDA,F,1145,243
HANKA,F,1134,360
KAYA,F,1134,88
NELLY,F,1121,138
ZOE,F,1120,314
ULYANA,F,1109,2
BOGDANA,F,1105,351
MELANIIA,F,1104,6
STEFANIIA,F,1104,10
CAROLINA,F,1102,682
LUDMILA,F,1100,28
DAJANA,F,1092,327
INKA,F,1092,210
WIRGINIA,F,1092,672
EMANUELA,F,1070,676
KATERINA,F,1070,46
NIKOLETTA,F,1068,134
JÓZEFINA,F,1066,3320
ABIGAIL,F,1063,379
ALIONA,F,1054,2
ELIZAVETA,F,1052,3
MELISSA,F,1052,184
IDALIA,F,1021,269
LEILA,F,1018,119
LILIYA,F,1016,0
ERNA,F,1014,447
IRMA,F,1005,373
BERENIKA,F,1002,661
HANA,F,998,156
CLARA,F,993,256
YULIA,F,993,10
RAMONA,F,982,417
DZIYANA,F,977,0
BALBINA,F,976,1833
TEOFILA,F,973,1288
LUBA,F,970,104
MARIE,F,966,3256
NINO,F,962,5
MONICA,F,948,346
MICHAELA,F,943,282
DARINA,F,926,19
LIA,F,924,90
FATIMA,F,917,373
MIIA,F,899,3
ŻAKLINA,F,896,367
ARYNA,F,893,0
INGRID,F,886,315
LUNA,F,878,340
SWIETŁANA,F,875,48
KORNELA,F,866,404
AMALIA,F,864,734
TAISA,F,862,29
TAMAR,F,857,27
ROXANA,F,854,170
LISA,F,852,266
EMILA,F,846,257
YAUHENIYA,F,831,0
ORYSIA,F,828,5
CHARLOTTE,F,826,490
IWONNA,F,825,300
SILVIA,F,821,119
MYLANA,F,815,0
INESA,F,809,8
SYBILLA,F,806,333
DOBRAWA,F,803,373
BLANDYNA,F,798,418
FILOMENA,F,794,734
VALIANTSINA,F,792,0
KAREN,F,789,178
ELA,F,785,303
LIGIA,F,780,540
SEWERYNA,F,772,871
BENEDYKTA,F,770,749
LILI,F,770,165
GRACJANA,F,769,438
ELISA,F,766,221
INHA,F,762,0
LUCIA,F,761,442
CELESTYNA,F,760,627
LUBOMIRA,F,756,260
ZOYA,F,756,37
SELENA,F,752,176
KUNEGUNDA,F,751,1079
LEONIA,F,742,373
TINA,F,737,109
SŁAWA,F,736,633
MARGARETA,F,734,317
JASMINA,F,732,179
IANA,F,730,0
GABRYELA,F,728,487
NOA,F,726,35
GIULIA,F,724,68
JASMIN,F,723,204
SAMANTHA,F,723,166
ORIANA,F,719,154
LAILA,F,711,129
ŻANETTA,F,710,184
ELISABETH,F,709,910
NATASHA,F,706,123
MELANIE,F,703,139
KASANDRA,F,698,276
KATHERINE,F,697,346
LETYCJA,F,697,180
LIZA,F,694,330
BERNARDETA,F,691,459
YAEL,F,688,165
BENITA,F,685,236
NELLA,F,685,79
SYLVIA,F,685,232
SOFIJA,F,677,73
CATHERINE,F,676,447
LEONTYNA,F,675,461
INGEBORGA,F,669,151
LAYLA,F,669,112
NATALYA,F,669,5
NATHALIE,F,662,150
BOZHENA,F,658,6
SUSANNA,F,658,79
JESIKA,F,657,127
KARIN,F,657,246
NELL,F,657,103
ORYNA,F,653,0
DAGNA,F,650,188
ELMIRA,F,649,17
NELLI,F,648,27
EUNIKA,F,645,224
SAMIRA,F,645,91
DOBROCHNA,F,642,262
VIVIEN,F,637,111
ARIANNA,F,635,73
OXANA,F,633,9
JESSIKA,F,632,101
MATILDA,F,621,104
ROZA,F,621,75
BERTA,F,620,662
JULIANA,F,619,204
ANIA,F,612,129
NIKOLINA,F,608,63
CHRISTINA,F,606,524
MARGARYTA,F,602,16
TEREZA,F,597,27
GAIA,F,595,69
ANGELICA,F,593,226
AGNES,F,592,405
AIDA,F,591,158
ALMA,F,589,126
STANISLAVA,F,587,4
ARIADNA,F,584,185
JASMINE,F,582,149
KATHARINA,F,581,378
TEKLA,F,581,1330
LESYA,F,579,0
MIROSLAVA,F,579,7
MIRANDA,F,578,218
YUSTYNA,F,570,5
ALEVTYNA,F,565,0
MARY,F,565,714
CHLOE,F,562,153
MARIETA,F,558,143
DOMICELA,F,556,453
TATYANA,F,556,3
ECATERINA,F,552,3
MARGARET,F,545,609
NEONILA,F,545,0
MARTHA,F,542,267
OLIVIIA,F,541,7
CHRISTINE,F,540,522
CHIARA,F,536,123
AMIRA,F,533,77
RYMMA,F,532,0
ELIANA,F,531,105
MICHAL,F,530,25
MARIJA,F,528,74
AMY,F,527,137
JULITTA,F,527,190
ISABELLE,F,526,317
LUCY,F,526,191
NIKOLETA,F,524,81
LESŁAWA,F,522,240
ISABEL,F,521,673
ELZA,F,518,199
MIŁOSŁAWA,F,518,213
NASTIA,F,518,55
YEVANHELINA,F,517,0
FRANCESCA,F,514,275
LEYLA,F,513,68
JACQUELINE,F,508,190
NANA,F,506,13
REHINA,F,506,0
IRENE,F,504,387
LUISA,F,504,266
AUGUSTYNA,F,499,729
RYTA,F,493,160
DAIANA,F,492,52
YASMIN,F,492,78
STEPHANIE,F,491,264
RUTH,F,490,471
RACHEL,F,489,311
DOBROMIŁA,F,485,241
HIACYNTA,F,484,628
VALERIYA,F,483,3
HALSZKA,F,482,215
ROZWITA,F,482,110
EMA,F,479,275
MADINA,F,476,6
IZOLDA,F,474,192
PAOLA,F,474,632
ROSE,F,469,1864
ZLATOSLAVA,F,468,0
AISHA,F,464,80
SYLWESTRA,F,463,439
MARYANA,F,462,2
GRACE,F,460,1011
ANNA-MARIIA,F,459,0
RADOSŁAWA,F,459,283
SHARON,F,459,62
MARGOT,F,458,235
ZARINA,F,458,9
EMILIYA,F,457,4
NATIA,F,457,2
WILHELMINA,F,456,266
AMELIE,F,455,78
VASILISA,F,455,2
DEBORA,F,453,202
LADA,F,452,4
JULIE,F,450,149
IULIA,F,448,15
ANNE,F,447,877
SOLOMIYA,F,446,4
IEVGENIIA,F,445,0
INESSA,F,445,4
LIDIYA,F,442,0
AMELIIA,F,440,3
CAMILA,F,435,176
LIUBOU,F,434,0
MIKA,F,434,46
JELENA,F,431,11
CARLA,F,430,133
ERNESTYNA,F,429,272
HELEN,F,425,383
LANA,F,423,23
ISMENA,F,420,111
NADINE,F,416,97
VIVIENNE,F,416,96
THỊ,F,415,26
ADI,F,414,14
INGRIDA,F,414,99
ESTHER,F,413,319
GRACJA,F,413,446
KLAVDIIA,F,413,0
JESICA,F,411,130
LUKRECJA,F,411,269
ANIDA,F,410,155
ZEYNEP,F,409,52
DELFINA,F,408,341
MALIKA,F,407,46
ANDŻELINA,F,404,131
BETINA,F,404,93
LORENA,F,404,260
LARISSA,F,403,49
KSYMENA,F,400,185
LYUDMILA,F,400,0
ARIA,F,394,105
LOLITA,F,394,15
MARYAM,F,393,41
ROSA,F,392,397
ASTRID,F,389,181
TEONA,F,388,4
SOFYA,F,387,0
YESENIIA,F,387,0
JOHANNA,F,385,441
YULIANNA,F,385,0
LEAH,F,384,122
YEVDOKIIA,F,380,2
EMILIE,F,379,102
REBECCA,F,378,162
EUFEMIA,F,377,309
NADEZHDA,F,377,0
FRYDERYKA,F,375,267
IWETTA,F,375,111
LUDOMIRA,F,374,175
ZENAIDA,F,374,15
LYDIA,F,373,96
MEGAN,F,373,104
NADEJDA,F,367,0
NILA,F,366,10
PETRONELA,F,366,691
LIUBOMYRA,F,365,0
CAMILLA,F,364,81
CORNELIA,F,362,111
FATMA,F,362,56
BELLA,F,360,183
NICOLETTA,F,360,53
SHIRA,F,360,16
IWETA,F,359,89
LUBOW,F,359,11
MALVINA,F,358,15
ALESSIA,F,356,31
FLORA,F,356,159
LIIA,F,354,0
ŻANNA,F,354,54
NOELIA,F,353,83
ZOSIA,F,351,129
ESTER,F,347,184
KATARINA,F,346,104
MARÍA,F,346,142
ELENI,F,345,114
LUBOV,F,345,8
KATIA,F,344,69
NARCYZA,F,343,362
RONI,F,343,5
OLESYA,F,342,0
ALESSANDRA,F,341,75
KESJA,F,340,72
MARIAMI,F,340,6
BENIGNA,F,339,219
KARINE,F,338,14
THI,F,338,25
CYRYLA,F,337,181
MARINE,F,336,29
URSULA,F,335,208
AYA,F,334,29
STEPANIIA,F,333,0
SALOME,F,332,26
SOFIE,F,331,180
PETRA,F,330,124
YASMINA,F,330,19
ANAT,F,329,11
BIBIANNA,F,328,175
CYNTHIA,F,328,71
KIARA,F,328,80
VIVIANA,F,328,186
ZARA,F,327,76
VLADLENA,F,326,0
SOLOMIA,F,325,4
SUSAN,F,325,147
SUSANNE,F,325,99
KHATUNA,F,324,0
RACHELA,F,324,181
ASIA,F,323,24
EVELYN,F,323,122
IRIS,F,323,150
ANICETA,F,322,132
DANIELLA,F,319,50
WALTRAUDA,F,318,64
LIUBA,F,317,0
ANDRZELIKA,F,316,126
NASTAZJA,F,316,100
ADEL,F,315,41
SONJA,F,315,50
BEATRIZ,F,314,341
ANJA,F,312,69
MERVE,F,312,38
VLADISLAVA,F,312,4
ELIF,F,311,77
TAL,F,310,10
BLANCA,F,307,75
AŁŁA,F,304,6
KARMEN,F,304,149
REBEKA,F,304,224
RADA,F,302,4
DEBORAH,F,301,80
ANI,F,300,16
DANIELLE,F,300,121
VIYALETA,F,300,0
YVONNE,F,299,137
SUSANA,F,298,132
LUDMYLA,F,297,0
VIVIAN,F,297,64
AMALIIA,F,295,4
SZARLOTA,F,293,218
KATRIN,F,291,88
DORIS,F,290,160
GABRIELLE,F,290,125
SWITŁANA,F,290,5
AVA,F,289,139
MIHAELA,F,289,49
SCARLETT,F,289,108
PAULINE,F,288,127
LEONORA,F,287,182
NELI,F,287,26
ADAMINA,F,286,231
SCHOLASTYKA,F,285,261
KRISTINE,F,284,55
JOSEPHINE,F,283,344
WERA,F,282,112
JENNY,F,281,58
SALMA,F,280,45
YUVAL,F,280,2
ILZA,F,279,78
DENISA,F,278,36
KARLA,F,277,65
TEA,F,277,11
ARLENA,F,273,78
HERMINA,F,273,186
NORA,F,273,84
MODESTA,F,272,215
NONNA,F,272,4
RIMMA,F,272,3
JULIIA,F,270,0
KELLY,F,270,60
ANASTASIJA,F,269,9
EVGENIIA,F,269,0
INGRYDA,F,269,58
IVANA,F,269,25
LEONA,F,269,185
LILLI,F,269,49
JULIETA,F,266,42
CECILIA,F,265,253
AGATHA,F,264,63
HANIA,F,264,64
LOLA,F,264,64
MARHARITA,F,264,2
VANESA,F,264,126
LEONIDA,F,263,18
LUDWINA,F,263,185
PAVLINA,F,263,0
YELIZAVIETA,F,263,0
FABIOLA,F,262,129
CHANTAL,F,261,113
VIRGINIA,F,261,128
ANZHALIKA,F,260,0
ROZALIIA,F,260,0
DENISE,F,259,210
NONA,F,259,4
OFELIA,F,259,91
KETEVAN,F,258,0
ILIANA,F,257,38
NADIJA,F,257,7
NADJA,F,257,28
RAQUEL,F,257,156
EMILI,F,256,9
KAROLA,F,256,248
VANDA,F,256,17
STELA,F,255,115
SYNTIA,F,255,54
SUZANNA,F,254,37
TAMARI,F,253,0
TATJANA,F,252,21
MILLA,F,251,29
MIRONA,F,251,77
NATALIJA,F,251,3
KAIA,F,250,22
LAURENCJA,F,250,131
OLESEA,F,250,0
DARIYA,F,249,2
KAYLA,F,249,40
REBECA,F,246,48
LIKA,F,245,3
KAMELIA,F,244,66
ROBERTA,F,244,281
ROMINA,F,244,83
SERAFINA,F,244,213
AHATA,F,243,2
NANCY,F,243,54
RENA,F,243,75
VIOLA,F,243,44
MISHEL,F,242,10
ANNA-MARIA,F,241,49
ILANA,F,241,18
KARALINA,F,241,0
ERWINA,F,240,105
JUDITH,F,240,224
SUZANNE,F,240,126
BOHDANNA,F,239,5
VIORICA,F,238,8
AMIT,F,237,11
DASHA,F,237,2
CLAIRE,F,236,258
SIMONE,F,236,130
AURELA,F,235,126
KATE,F,235,216
MIYA,F,235,13
KEREN,F,234,3
LILIAN,F,234,49
LUCJANNA,F,234,111
WIELISŁAWA,F,234,31
ZORYANA,F,234,2
EDITH,F,232,197
LELA,F,232,2
RODICA,F,232,8
XENIA,F,232,45
DINARA,F,231,0
ANNETTE,F,230,62
DOLORES,F,230,245
ANTANINA,F,229,0
CINDY,F,229,29
LUCIE,F,228,68
AYLA,F,227,38
LOUISE,F,227,706
NOGA,F,227,4
AMBER,F,225,141
ELİF,F,225,18
MIJA,F,225,34
EKATERINE,F,224,0
HILDA,F,224,106
JULIETTE,F,224,79
PATRIZIA,F,224,58
ZUZANA,F,224,19
JOLENTA,F,223,194
KATRINA,F,223,65
MANANA,F,223,2
TANIA,F,223,33
WINCENTYNA,F,223,276
YELENA,F,223,2
AUGUSTA,F,222,244
HIERONIMA,F,221,119
HILA,F,221,19
KRYSTIANA,F,220,133
RAFAELA,F,220,172
DORA,F,219,109
NICOLETA,F,219,30
VITTORIA,F,219,76
JAGIENKA,F,218,59
LUZ,F,218,73
HERONIMA,F,216,61
MAKA,F,215,0
ALIA,F,213,52
LIYA,F,213,7
OTOLIA,F,213,128
SAFIYA,F,213,3
ELLIE,F,212,35
EVGENIYA,F,212,0
LALI,F,212,3
PRAKSEDA,F,212,284
BEATRICE,F,211,104
KASIA,F,211,103
VICTORIIA,F,211,2
ANNIKA,F,210,40
AYŞE,F,210,20
CHANEL,F,209,54
LÉA,F,209,52
EVGENIA,F,208,5
KYRA,F,208,4
VIKA,F,208,0
ALEJANDRA,F,207,614
ESRA,F,207,7
LETICIA,F,207,59
YASMINE,F,207,30
ASHLEY,F,206,131
DAISY,F,206,82
IRMGARD,F,206,79
RUT,F,206,208
ALISIIA,F,205,0
AYLIN,F,205,31
BRENDA,F,205,51
LAUREN,F,205,88
LUSINE,F,205,6
ALIYA,F,204,15
MICAELA,F,204,56
BOGDA,F,203,168
ANN,F,202,1243
HEIDI,F,202,43
YEVHENIYA,F,202,0
FLORENCIA,F,201,77
FRIDA,F,201,121
IMAN,F,201,26
KATHRIN,F,201,70
LIDA,F,201,31
NAIRA,F,200,5
NOAM,F,200,4
PALOMA,F,200,106
AURIKA,F,199,6
GAL,F,199,10
MELODY,F,199,65
MARGARETE,F,198,150
WŁODZIMIERA,F,198,111
CARINA,F,197,57
FAINA,F,197,3
KIMBERLY,F,197,50
KORYNA,F,197,32
LEIA,F,197,44
TADEUSZA,F,197,73
MILIENA,F,196,0
MOLLY,F,196,43
STEFANIYA,F,196,3
ANNABELLE,F,195,63
FERNANDA,F,194,340
ANFISA,F,193,0
DĄBRÓWKA,F,193,160
HERTA,F,193,100
KSAWERA,F,193,199
LENKA,F,193,8
SABINE,F,193,59
KASJANA,F,192,58
FELICYTA,F,191,114
NETA,F,191,4
NINEL,F,191,0
ZINA,F,191,24
LILLIAN,F,190,43
MÁRIA,F,190,49
ANGIE,F,189,6
IZYDORA,F,189,211
ZUZA,F,189,22
BETTINA,F,188,59
ALVINA,F,187,0
KAMILIA,F,187,92
LEONIE,F,187,65
LIDZIYA,F,187,0
RIMA,F,187,17
AIGERIM,F,186,0
DAYANA,F,186,134
ELENE,F,186,3
MERCEDES,F,186,520
PIA,F,186,205
ELIZABET,F,185,58
INEZA,F,185,66
NARINE,F,185,6
ELLEN,F,184,143
KORA,F,184,68
PARASKOVIIA,F,184,0
SIUZANNA,F,184,0
CAMILLE,F,183,89
GUSTAWA,F,183,100
KIM,F,183,110
SOFÍA,F,183,66
ANYA,F,182,28
DOINA,F,182,2
FARIDA,F,182,36
NASTASIIA,F,182,0
ROMANIIA,F,182,0
ZINOVIIA,F,182,0
GEORGINA,F,181,105
NIKITA,F,181,61
ROTEM,F,181,0
RUBY,F,181,56
EDEN,F,180,17
NADIEŻDA,F,180,8
ALEXIA,F,179,36
DAMIANA,F,179,106
ZBIGNIEWA,F,179,195
ELSA,F,178,65
FLORENCE,F,178,129
ANATOLA,F,177,36
DIONIZA,F,177,99
KATIE,F,177,42
LILIT,F,177,8
SHIR,F,177,8
STEFANIE,F,177,99
JUSTINE,F,176,58
MARGOTA,F,176,73
SEDA,F,176,16
EDITA,F,175,28
KATALIN,F,175,28
KATJA,F,175,26
MARISA,F,175,44
NI,F,175,0
ANAHIT,F,174,4
JULIETTA,F,174,72
MAAYAN,F,174,2
MERI,F,174,8
FREYA,F,173,62
MAY,F,173,284
ADELE,F,172,69
IVY,F,172,70
ALOJZA,F,171,136
ERICA,F,171,64
LUCJANA,F,171,107
SOPIO,F,171,0
ARIEL,F,170,23
FIONA,F,170,82
KRYSTINA,F,170,29
MADELEINE,F,170,101
MERYEM,F,170,42
MINA,F,170,39
ORESTA,F,170,14
SHANI,F,170,9
ANDREEA,F,169,56
DOMINIQUE,F,169,78
MARION,F,169,104
NAAMA,F,169,2
SUZANA,F,169,13
YEVGENIYA,F,169,0
ALBA,F,168,37
CYNTIA,F,168,79
NATALI,F,168,25
WALBURGA,F,168,100
JANE,F,167,753
JULIJA,F,167,2
LIAT,F,167,5
ROSALIE,F,167,58
CHLOÉ,F,166,40
BRIGITTE,F,165,114
KRYSPINA,F,165,115
SHORENA,F,165,0
TIFFANY,F,165,56
FRYDA,F,164,72
GAYANE,F,164,4
LUCIANA,F,164,40
MALENA,F,164,26
JOLA,F,163,118
KHAVA,F,163,0
SEVDA,F,163,2
BÜŞRA,F,162,18
ARUZHAN,F,161,0
AVRORA,F,161,0
DOROTHEA,F,161,96
ULADZISLAVA,F,161,0
VASYLISA,F,161,0
WALESKA,F,161,235
WIWIANA,F,161,29
ALANA,F,160,52
CELINE,F,160,66
DANYILA,F,160,0
IRAIDA,F,160,0
LUBOMIŁA,F,160,69
ROSALIA,F,160,75
WINCENTA,F,160,128
GINA,F,159,40
ALEX,F,158,34
CATALEYA,F,158,46
GABRIELE,F,158,69
IVANKA,F,158,17
NATALKA,F,158,2
ANATOLIA,F,157,45
BIRUTA,F,157,58
ISABELA,F,157,65
ALYONA,F,155,0
FLAVIA,F,155,24
IRA,F,155,6
KAMA,F,155,82
NICOLL,F,155,33
ARIELA,F,154,31
ILARIIA,F,154,0
AFRODYTA,F,153,135
ANA-MARIA,F,153,3
FELICIA,F,153,71
HADAR,F,153,9
IELYZAVETA,F,153,0
WISŁAWA,F,153,98
CASSANDRA,F,152,43
CATALINA,F,152,96
DOROTHY,F,152,119
FABIANA,F,152,73
FLORIANNA,F,152,83
HENRIETA,F,152,71
MATHILDE,F,152,56
MONA,F,152,28
SOLOMIJA,F,152,6
TANYA,F,152,20
JANET,F,151,85
MARYSIA,F,151,97
PAVLYNA,F,151,0
HOLLY,F,150,32
TINATIN,F,150,0
ZHASMIN,F,150,2
DILARA,F,149,21
SELIN,F,149,32
ZITA,F,149,16
BEATE,F,148,85
GISELA,F,148,79
IOANNA,F,148,20
MARI,F,148,60
VALERIE,F,148,95
ANABELLA,F,147,34
ASYA,F,147,14
ISABELL,F,147,75
LUDGARDA,F,147,58
ANDŻELA,F,146,65
AUDREY,F,146,86
DIANE,F,146,96
GULNARA,F,146,2
IVONA,F,145,15
LEIDY,F,145,4
MARIANNE,F,145,107
TALI,F,145,8
TARA,F,145,50
ŻAKLIN,F,145,99
EMINE,F,144,19
FEDERICA,F,144,8
JOANA,F,144,37
MAURA,F,144,79
TAISIYA,F,144,0
ZAHRA,F,144,54
ANŻELIKA,F,143,37
CATERINA,F,143,33
ELYZAVETA,F,143,0
ESMERALDA,F,143,76
IAROSLAVA,F,143,0
ROSEMARIE,F,143,31
YADVIHA,F,143,0
CORINA,F,142,26
IULIANA,F,142,8
GEORGIA,F,141,74
VIKTORIJA,F,141,3
ELEANOR,F,140,55
JANKA,F,140,30
MARGERITA,F,140,65
CELIA,F,139,35
EFRAT,F,139,4
EKA,F,139,5
ELISE,F,139,129
MYKHAILYNA,F,139,8
ROMI,F,139,4
SERAFYMA,F,139,2
ANIUTA,F,138,4
AYELET,F,138,2
DORINA,F,138,10
ELNARA,F,138,0
ELVINA,F,138,2
LORETTA,F,138,76
MATHILDA,F,138,33
ROSANNA,F,138,48
WALTRAUD,F,138,53
WALTRAUT,F,138,40
ELIGIA,F,137,58
GAYA,F,137,11
ILARIA,F,137,12
JÚLIA,F,137,19
VIERONIKA,F,137,0
ZORYNA,F,137,0
ARMINE,F,136,6
DAMARIS,F,136,69
DAMINIKA,F,136,5
SELMA,F,136,36
SYLWANA,F,136,84
ALISHA,F,135,14
HADAS,F,135,7
ORIT,F,135,10
RENATE,F,135,84
SORAYA,F,135,42
ADELIA,F,134,14
ADOLFINA,F,134,83
EDWINA,F,134,52
JUSTINA,F,134,32
KATHRYN,F,134,73
LIHI,F,134,6
MELINA,F,134,21
NELYA,F,134,0
YASEMIN,F,134,25
EINAT,F,133,2
EMILIANA,F,133,51
GIOVANNA,F,133,41
HASMIK,F,133,10
IWANNA,F,133,8
LIJA,F,133,11
ORYSLAVA,F,133,0
WIEŃCZYSŁAWA,F,133,72
YEKATERINA,F,133,0
AIDANA,F,132,0
PRIYANKA,F,132,5
SASKIA,F,132,43
ANABEL,F,131,41
IVETA,F,131,6
IWONKA,F,131,97
JOANNE,F,131,88
MIRASLAVA,F,131,0
SIENNA,F,131,22
ZEFIRYNA,F,131,46
ARETA,F,130,46
CAROL,F,130,60
INGEBORG,F,130,47
LIOR,F,130,2
RUZANNA,F,130,4
TOSIA,F,130,33
WENDY,F,130,32
ARZU,F,129,9
BRONISLAVA,F,129,2
EDELTRAUD,F,129,21
HELENE,F,129,168
IA,F,129,3
JULIET,F,129,63
LUANA,F,129,38
VENERA,F,129,0
ANDRIIANA,F,128,0
BAZHENA,F,128,0
HANNELORE,F,128,45
INBAL,F,128,2
MARIELA,F,128,33
MILADA,F,128,43
NATO,F,128,0
AINUR,F,127,0
DERYA,F,127,17
INDIRA,F,127,21
JEANETTE,F,127,58
ALEXA,F,126,43
ALIESIA,F,126,0
AMÉLIE,F,126,38
INBAR,F,126,3
YEKATERYNA,F,126,0
ADOLFA,F,125,59
ANNAMARIA,F,125,43
BERNADETTE,F,125,109
LILLIANA,F,125,19
SHEILA,F,125,41
SOFI,F,125,31
VOLODYMYRA,F,125,5
BEATRYCZE,F,124,133
KHATIA,F,124,0
LILIJA,F,124,4
MIRRA,F,124,0
SAIDA,F,124,17
TALIA,F,124,15
THEA,F,124,45
AFINA,F,123,3
DALILA,F,123,32
DANIEL,F,123,15
EUFROZYNA,F,123,80
KOLETA,F,123,63
CANSU,F,122,15
EVIALINA,F,122,0
MAI,F,122,107
MIKAELA,F,122,29
RUSUDAN,F,122,0
SASHA,F,122,31
YAN,F,122,12
YING,F,122,13
ALINE,F,121,28
AMINAT,F,121,5
EDA,F,121,19
GILI,F,121,0
GIORGIA,F,121,11
KHEDA,F,121,0
MICHELE,F,121,57
MONIQUE,F,121,80
SWITLANA,F,121,0
VIERA,F,121,9
İREM,F,121,29
ANELIA,F,120,5
CHEN,F,120,22
EDMUNDA,F,120,133
ELLINA,F,120,0
JING,F,120,6
JUTA,F,120,58
MAHDALYNA,F,120,6
ROMANNA,F,120,9
XYMENA,F,120,64
AALIYAH,F,119,25
ALBERTYNA,F,119,178
KVITOSLAVA,F,119,3
MYRIAM,F,119,40
BIBIANA,F,118,57
KORINA,F,118,24
LUDOMIŁA,F,118,71
MELINDA,F,118,22
SELINA,F,118,30
ZYGFRYDA,F,118,55
ITA,F,117,48
IWA,F,117,84
MOR,F,117,0
SATURNINA,F,117,93
SENA,F,117,48
SILVANA,F,117,40
AIGUL,F,116,0
ALISON,F,116,57
INDIA,F,116,49
RINA,F,116,13
SERAFIMA,F,116,0
SOL,F,116,143
SONA,F,116,2
SYLWINA,F,116,77
ZHANA,F,116,0
ANTONELLA,F,115,43
BERNADYNA,F,115,66
DAFNA,F,115,6
DAGMAR,F,115,31
ROKSOLIANA,F,115,2
ROMY,F,115,12
SVIETLANA,F,115,0
TESSA,F,115,27
WALENTINA,F,115,20
EBRU,F,114,21
LIENA,F,114,0
LOUISA,F,114,90
OMER,F,114,2
SHIRLEY,F,114,34
SYBILA,F,114,41
ZAREMA,F,114,0
ALEXIS,F,113,57
ECE,F,113,41
EMI,F,113,21
FRANZISKA,F,113,83
JENIFER,F,113,45
LUCÍA,F,113,33
WIRA,F,113,7
BURCU,F,112,12
ISLA,F,112,49
ROSIE,F,112,47
ANASTASSIYA,F,111,0
ARYA,F,111,29
CEREN,F,111,31
DUYGU,F,111,11
GALIT,F,111,13
JUTTA,F,111,61
MAKKA,F,111,0
MATILDE,F,111,27
SAWA,F,111,57
ELISABETA,F,110,13
ELLI,F,110,26
EVE,F,110,177
OŁENA,F,110,4
RAYANA,F,110,2
SERENA,F,110,37
SONYA,F,110,14
ADELIIA,F,109,0
ALEVTINA,F,109,0
AMAL,F,109,17
AYALA,F,109,9
FILIPINA,F,109,182
MICHELA,F,109,28
NAILA,F,109,7
PARASKA,F,109,0
RADMILA,F,109,2
SHAHAR,F,109,6
SIVAN,F,109,5
SNEZHANA,F,109,0
ZEHRA,F,109,27
AGUSTINA,F,108,50
ESMA,F,108,15
ESTELLE,F,108,54
GALI,F,108,0
GVANTSA,F,108,0
HENRIETTA,F,108,65
IANINA,F,108,4
NEHA,F,108,0
OR,F,108,16
SVIATOSLAVA,F,108,0
AHNESA,F,107,0
ERIN,F,107,57
EVELIN,F,107,15
HILDEGARD,F,107,86
IOANA,F,107,57
JOY,F,107,346
MERIEM,F,107,5
NATELA,F,107,0
OFRI,F,107,0
SNIZHANNA,F,107,0
VASILINA,F,107,0
DELIA,F,106,38
HAZEL,F,106,48
IRINE,F,106,0
NAWOJKA,F,106,77
RANA,F,106,19
RONIT,F,106,8
SOPIKO,F,106,0
FLAWIA,F,105,65
IEVA,F,105,0
LI,F,105,26
MARA,F,105,41
PETIMAT,F,105,0
POOJA,F,105,0
TELIMENA,F,105,69
YUNA,F,105,9
ZOHAR,F,105,11
ŁARYSA,F,105,4
ANNEMARIE,F,104,40
ARKADIA,F,104,115
BERNARDETTA,F,104,63
CAROLIN,F,104,29
DOMINICA,F,104,48
DONNA,F,104,30
EVGHENIA,F,104,0
IIA,F,104,0
KATHLEEN,F,104,113
KHRYSTSINA,F,104,0
LÉNA,F,104,6
NARGIZ,F,104,0
SNIAZHANA,F,104,0
WILMA,F,104,27
AMAYA,F,103,36
ANUSH,F,103,0
ANZHELINA,F,103,0
BRUNA,F,103,11
DZINA,F,103,3
GRACIELA,F,103,108
LAVINIA,F,103,17
MAKSYMILIANA,F,103,87
MARLENE,F,103,48
MIŁA,F,103,22
MORAN,F,103,3
MZIA,F,103,0
NATÁLIA,F,103,2
SUNITA,F,103,3
VASYLYSA,F,103,0
EDELTRAUT,F,102,29
HILARIA,F,102,38
KAROLINE,F,102,38
KERSTIN,F,102,34
NOYA,F,102,2
PRZEMYSŁAWA,F,102,145
SHIRI,F,102,0
AIZHAN,F,101,0
ALIKA,F,101,2
AYSEL,F,101,3
CHANA,F,101,22
LETIZIA,F,101,23
MILANIIA,F,101,0
ROSITA,F,101,38
SUZAN,F,101,30
SWIETLANA,F,101,10
TAISIA,F,101,2
THERESA,F,101,223
VITALIYA,F,101,0
ELISABETTA,F,100,33
KARIONA,F,100,18
VILMA,F,100,2
VIORIKA,F,100,2
ZAIRA,F,100,3
ZYGRYDA,F,100,10
ÖZGE,F,100,9
ASIIA,F,99,0
ASSEL,F,99,0
ATENA,F,99,120
DAGNY,F,99,53
DANNA,F,99,0
FRIEDA,F,99,70
GAMZE,F,99,14
GIZEM,F,99,14
KÜBRA,F,99,22
NADYA,F,99,7
RAYISA,F,99,0
SHELLY,F,99,7
SILVIIA,F,99,0
ZAINAB,F,99,17
ALEYNA,F,98,16
CHELSEA,F,98,94
GERALDINE,F,98,40
KORDULA,F,98,115
MELA,F,98,14
NARGIZA,F,98,0
PENELOPE,F,98,38
PHOEBE,F,98,24
TAIDA,F,98,41
TANJA,F,98,12
AMELIYA,F,97,0
ANISA,F,97,11
AZIZA,F,97,11
GOHAR,F,97,2
JAMILA,F,97,18
JANETA,F,97,29
JOAN,F,97,90
LILIANE,F,97,32
PRISCILLA,F,97,30
TOMIRA,F,97,52
ALLISON,F,96,31
ANETTE,F,96,25
ANNABEL,F,96,35
ESMIRA,F,96,0
MARISSA,F,96,11
MILAGROS,F,96,53
REUT,F,96,0
SHAKED,F,96,3
SIMA,F,96,11
YARDEN,F,96,0
ALYSSA,F,95,21
BELA,F,95,11
BETÜL,F,95,41
DAMLA,F,95,16
DZIANA,F,95,0
KLARYSA,F,95,77
MALGORZATA,F,95,196
RONA,F,95,4
ROXANNE,F,95,21
WIOLA,F,95,53
ANAIS,F,94,34
ASMA,F,94,3
BAR,F,94,10
BEYZA,F,94,32
CHRISTA,F,94,34
FAITH,F,94,85
FLORENCJA,F,94,36
KORALIA,F,94,38
LATIKA,F,94,27
MARGITA,F,94,32
MARTIKA,F,94,33
NUR,F,94,374
OFIR,F,94,0
RAJMUNDA,F,94,55
RANIA,F,94,15
ASLI,F,93,11
HATİCE,F,93,6
LIUBOVI,F,93,0
YOLANDA,F,93,45
ZOEY,F,93,21
ZOË,F,93,15
ARNIKA,F,92,22
BAHAR,F,92,15
FIDAN,F,92,2
JANETTA,F,92,23
KATYA,F,92,5
LEE,F,92,244
MARGARETHE,F,92,52
NADEZDA,F,92,0
RENISŁAWA,F,92,11
RIVKA,F,92,73
ROCIO,F,92,80
RUFINA,F,92,27
SANA,F,92,16
SANDY,F,92,17
SYLVIE,F,92,39
TAMTA,F,92,0
ANISIIA,F,91,0
AZA,F,91,0
ELODIE,F,90,38
GALIA,F,90,15
JAQUELINE,F,90,27
LIUSIA,F,90,0
MADONA,F,90,0
PRIYA,F,90,30
RUSŁANA,F,90,5
ANNABELLA,F,89,20
DALIDA,F,89,21
ELIZABETA,F,89,10
FANNY,F,89,29
IRIT,F,89,3
IVA,F,89,8
JUANA,F,89,24
LALA,F,89,6
LIV,F,89,38
MAYRA,F,89,2
ANNIE,F,88,57
AYESHA,F,88,15
GEMMA,F,88,38
GLADYS,F,88,38
JUDIT,F,88,20
KAYAH,F,88,8
MILLIE,F,88,18
USTYNA,F,88,0
VIKTÓRIA,F,88,4
YEVHENA,F,88,0
ANDRZELINA,F,87,21
BETTY,F,87,29
EVANGELINA,F,87,4
KHADIJA,F,87,17
LEJLA,F,87,33
MADISON,F,87,40
MASZA,F,87,14
MELEK,F,87,26
NADA,F,87,16
ROSANA,F,87,31
ANKA,F,86,5
DIVYA,F,86,2
LIMOR,F,86,3
NATALY,F,86,23
NIKOLE,F,86,22
VERÓNICA,F,86,66
AILIN,F,85,10
ALEKSA,F,85,35
LORA,F,85,121
MÓNICA,F,85,53
NARMIN,F,85,2
NELLIA,F,85,0
RONJA,F,85,17
THU,F,85,33
VERED,F,85,8
ADELAIDA,F,84,39
AINURA,F,84,0
ANASTAZIA,F,84,34
DZVENYSLAVA,F,84,0
ELZBIETA,F,84,221
KWIRYNA,F,84,50
MARICHKA,F,84,0
SYDONIA,F,84,29
ÖZLEM,F,84,13
ANGEL,F,83,74
ANJELA,F,83,0
APRIL,F,83,32
CHRYSTYNA,F,83,4
FABIENNE,F,83,37
KAMALA,F,83,5
LORETA,F,83,30
MADELINE,F,83,37
OCTAVIA,F,83,46
SEVINJ,F,83,0
SILA,F,83,31
VIVIANE,F,83,15
YEVGENIIA,F,83,0
YU,F,83,8
DALI,F,82,0
DENIZ,F,82,40
KATALEJA,F,82,38
NITZAN,F,82,2
PINAR,F,82,16
ZOÉ,F,82,14
AISZA,F,81,50
AMÉLIA,F,81,7
BARBARE,F,81,0
GİZEM,F,81,10
JEKATERINA,F,81,0
KATHY,F,81,34
LALITA,F,81,7
MARGARETTA,F,81,30
ODETTA,F,81,37
RAHELA,F,81,0
SALWINA,F,81,21
SAVANNAH,F,81,18
SHOSHANA,F,81,21
SIBEL,F,81,15
WEI,F,81,4
AGATHE,F,80,42
AHNIIA,F,80,0
AICHA,F,80,29
BUSE,F,80,18
GULMIRA,F,80,0
JANNA,F,80,11
KARIMA,F,80,23
LIRON,F,80,2
LOREDANA,F,80,19
MARKHA,F,80,0
MYA,F,80,11
NELLIE,F,80,5
ORLY,F,80,3
ORYSYA,F,80,0
RAMINA,F,80,2
ZALINA,F,80,0
ANJALI,F,79,7
ELEN,F,79,10
ESTELA,F,79,46
EZGI,F,79,9
JOYCE,F,79,81
LAETITIA,F,79,24
LUDMYŁA,F,79,0
NIA,F,79,6
RUBINA,F,79,9
ZORESLAVA,F,79,0
ALMIRA,F,78,9
BRIGIDA,F,78,58
DORIT,F,78,10
HEATHER,F,78,40
JEKATIERINA,F,78,0
LAMIA,F,78,20
MEDINA,F,78,11
MIROSLAWA,F,78,28
NICOLLE,F,78,22
NIGAR,F,78,0
NISHA,F,78,0
THERESE,F,78,160
WARWARA,F,78,4
AVIV,F,77,2
CHANTELLE,F,77,22
DİLARA,F,77,15
EMİNE,F,77,6
ESTELLA,F,77,37
EZGİ,F,77,17
MARCELLA,F,77,34
NATASCHA,F,77,13
RUZANA,F,77,0
SIGRID,F,77,29
SNEJANA,F,77,0
TULIA,F,77,14
ADINA,F,76,9
AINA,F,76,6
EDNA,F,76,16
MEGI,F,76,4
NICOLETTE,F,76,22
ROSWITA,F,76,17
TACJANA,F,76,28
WENESA,F,76,33
WIKTORIJA,F,76,2
ASHA,F,75,10
BASIA,F,75,46
DAROMIŁA,F,75,15
MANISHA,F,75,0
MASHA,F,75,3
PHUONG,F,75,41
ROZANNA,F,75,60
SALTANAT,F,75,0
STAFANIYA,F,75,0
TARSYLIA,F,75,17
TATEVIK,F,75,0
THI THUY,F,75,0
THUY,F,75,36
WITA,F,75,51
ANNELIESE,F,74,34
EMILLY,F,74,14
HAŁYNA,F,74,0
JANETTE,F,74,33
KATEŘINA,F,74,6
MARGHERITA,F,74,26
NADINA,F,74,17
NATHALIA,F,74,17
NI KADEK,F,74,0
ORI,F,74,2
RUSALINA,F,74,0
SHAY,F,74,6
SIGAL,F,74,3
VERONIQUE,F,74,43
ÉVA,F,74,13
ADELHEID,F,73,18
ANAIT,F,73,5
AVIGAIL,F,73,0
BARBORA,F,73,0
EMILIJA,F,73,3
ESTEFANIA,F,73,57
HORTENSJA,F,73,75
KASSANDRA,F,73,11
LAWINIA,F,73,40
LIANNA,F,73,2
OLYMPIA,F,73,31
TAMUNA,F,73,0
WALDEMARA,F,73,30
ALIIA,F,72,0
ATHINA,F,72,32
AURICA,F,72,0
BRUNHILDA,F,72,35
CĂTĂLINA,F,72,0
HONG,F,72,19
HRAZHYNA,F,72,0
INGE,F,72,38
IZABEL,F,72,23
JADE,F,72,103
JAROSLAVA,F,72,3
RADZISŁAWA,F,72,24
SAFIA,F,72,8
SEVIL,F,72,2
THANH,F,72,34
TUĞÇE,F,72,7
VESNA,F,72,29
YULYANA,F,72,0
ZEINAB,F,72,4
ALBERTA,F,71,60
APOLLINARIIA,F,71,0
ARMINA,F,71,4
CONSTANCE,F,71,60
DOBROMIRA,F,71,48
HATICE,F,71,14
JOSEFINA,F,71,73
KHADIZHAT,F,71,0
KLEOPATRA,F,71,130
LOTTA,F,71,59
NIKI,F,71,17
RAMILA,F,71,0
YAĞMUR,F,71,20
YEVHENIA,F,71,0
YULI,F,71,0
ZENOVIIA,F,71,0
ZOI,F,71,19
ANZELMA,F,70,34
JANINE,F,70,53
KHRISTINA,F,70,0
KIMBERLEY,F,70,17
MAGGIE,F,70,19
MILENIA,F,70,29
SARITA,F,70,11
SARRA,F,70,5
TEIA,F,70,0
TUĞBA,F,70,5
ULA,F,70,29
VALENTINE,F,70,29
ZHASMINA,F,70,0
AIMEE,F,69,28
ALISSA,F,69,11
AYNUR,F,69,2
ELIDIA,F,69,19
ELISO,F,69,0
GISELLE,F,69,71
HEDWIG,F,69,128
INÈS,F,69,12
INÉS,F,69,85
JANICE,F,69,18
JIE,F,69,4
JOLITA,F,69,25
KATARÍNA,F,69,0
KETEVANI,F,69,0
LAN,F,69,80
LEOPOLDA,F,69,79
MARCIA,F,69,21
NORMA,F,69,16
ULANA,F,69,8
ZUKHRA,F,69,0
CHAJA,F,68,15
KONSTANTYNA,F,68,158
MARGIT,F,68,30
MARICEL,F,68,5
NADIN,F,68,17
NURAY,F,68,3
SALLY,F,68,21
SANTA,F,68,12
TIMEA,F,68,12
YI,F,68,6
ŻYWIA,F,68,63
KARMELA,F,67,24
MADLENA,F,67,16
MAIRA,F,67,3
NARIN,F,67,10
NATALJA,F,67,2
NAYA,F,67,6
SAPIR,F,67,4
VICKY,F,67,10
YELIENA,F,67,0
AISEL,F,66,0
ALISIA,F,66,0
BOZENA,F,66,84
FARAH,F,66,5
FATEMEH,F,66,0
GERARDA,F,66,93
HAVA,F,66,24
IRADA,F,66,0
IVONNE,F,66,34
LILACH,F,66,0
LIZI,F,66,0
LUCILA,F,66,12
MELİKE,F,66,4
PATRYCIA,F,66,22
POLIANNA,F,66,6
SHAI,F,66,6
SILVINA,F,66,31
SNEHA,F,66,0
STEPANIYA,F,66,0
SUDE,F,66,42
ZAMIRA,F,66,3
ASEL,F,65,6
CARMELA,F,65,36
CORINNA,F,65,11
DAPHNE,F,65,27
DARIANA,F,65,2
ELKE,F,65,20
ERNESTA,F,65,34
GALYA,F,65,0
GIZELLA,F,65,39
GUNEL,F,65,0
HAGAR,F,65,3
IONELA,F,65,12
IREM,F,65,14
JYOTI,F,65,4
MARIBEL,F,65,15
MAYYA,F,65,0
MIRABELLA,F,65,25
ODETA,F,65,20
RENEE,F,65,140
SILVIYA,F,65,3
WIKTORIIA,F,65,0
WITOSŁAWA,F,65,48
ALIZA,F,64,14
ANGIELIKA,F,64,22
CLARISSA,F,64,17
DILNAZ,F,64,0
ETERI,F,64,2
GUDRUN,F,64,28
GÖZDE,F,64,12
HLORIIA,F,64,0
JARMILA,F,64,25
KONSTANTINA,F,64,16
LAXMI,F,64,17
MADLEN,F,64,22
MARŻOLENA,F,64,21
MERAV,F,64,2
MIRTA,F,64,31
NUNE,F,64,0
ODARKA,F,64,0
ORINA,F,64,6
PRISCILA,F,64,13
ROXANNA,F,64,9
SANTANA,F,64,28
TONIA,F,64,44
ZSUZSANNA,F,64,27
ANH,F,63,160
ARIELLA,F,63,3
BELINDA,F,63,24
CHRISTIANE,F,63,46
DÉBORA,F,63,19
ELAINE,F,63,83
HULNARA,F,63,0
JEANNE,F,63,117
JEANNETTE,F,63,24
KARENA,F,63,19
LECHOSŁAWA,F,63,23
MARICA,F,63,14
MELITA,F,63,31
NYASHA,F,63,38
PERLA,F,63,26
SAMUELA,F,63,39
SELİN,F,63,14
TATIA,F,63,0
VILENA,F,63,0
ZIPORA,F,63,28
AELITA,F,62,0
AGNESE,F,62,8
AIKATERINI,F,62,8
ALIYAH,F,62,17
ANEL,F,62,2
ANGELIQUE,F,62,25
ARIANE,F,62,14
AZRA,F,62,15
BOGDANNA,F,62,6
ELEANORA,F,62,4
EUZEBIA,F,62,77
GRAZYNA,F,62,96
GULNAZ,F,62,0
LIN,F,62,18
LIUBAVA,F,62,0
LORRAINE,F,62,51
MARYA,F,62,11
MILICA,F,62,4
NOOR,F,62,28
RYMA,F,62,2
YAARA,F,62,0
YVETTE,F,62,45
ALIDA,F,61,24
ASSEM,F,61,0
BÁRBARA,F,61,6
CAROLA,F,61,29
CAROLYN,F,61,28
CATARINA,F,61,35
DARJA,F,61,5
FLORENTINA,F,61,26
GIULIANA,F,61,7
HAYA,F,61,56
HÉLÈNE,F,61,43
SANGITA,F,61,0
SHIRIN,F,61,8
SOLANGE,F,61,57
ZULFIIA,F,61,0
ŚWIĘTOSŁAWA,F,61,115
ALODIA,F,60,38
ANELIIA,F,60,0
AURA,F,60,20
ECEM,F,60,20
HAGIT,F,60,0
IVETTA,F,60,8
KLÁRA,F,60,8
LYUBOMYRA,F,60,0
MARGO,F,60,15
MELANIYA,F,60,0
MIN,F,60,13
MÉLANIE,F,60,13
NAZIRA,F,60,2
OSNAT,F,60,0
TSIRA,F,60,0
XIN,F,60,3
YARA,F,60,0
YESENIA,F,60,21
ADELINE,F,59,15
AILEEN,F,59,23
ATHENA,F,59,37
CANDELA,F,59,11
CHRISTIANA,F,59,43
DELPHINE,F,59,16
EVELINE,F,59,24
GRYZELDA,F,59,25
HAIANE,F,59,0
JEAN,F,59,224
KALYNA,F,59,2
KLOTYLDA,F,59,88
MARTINE,F,59,41
MĂDĂLINA,F,59,7
NURIA,F,59,15
RIANA,F,59,4
SITA,F,59,6
UMA,F,59,11
VLASTA,F,59,0
ZELMA,F,59,30
AMEL,F,58,15
AMIELIIA,F,58,0
ARABELLA,F,58,15
AYŞEGÜL,F,58,4
EUNICE,F,58,29
ILLONA,F,58,18
IMELDA,F,58,31
KAROL,F,58,7
LILYANA,F,58,0
MAGALI,F,58,39
MALKA,F,58,48
MARILYN,F,58,16
MARISOL,F,58,21
MELANI,F,58,17
MELIKE,F,58,11
MERCY,F,58,9
MORGAN,F,58,27
NGOC,F,58,42
NI LUH,F,58,0
SHLOMIT,F,58,10
TANZILA,F,58,0
TIANA,F,58,8
ULADA,F,58,0
YANNA,F,58,0
ŞEYMA,F,58,11
ALESYA,F,57,0
ANABELLE,F,57,15
ANKITA,F,57,0
ASENATA,F,57,14
ELIA,F,57,19
FARIZA,F,57,0
FRANCES,F,57,206
FRANCISCA,F,57,60
GULNAR,F,57,0
JOHANA,F,57,120
KONRADA,F,57,103
LIBI,F,57,5
OLEXANDRA,F,57,0
RODIKA,F,57,0
THI HUONG,F,57,0
TIA,F,57,13
VASILIKI,F,57,12
AHLAIA,F,56,0
ALIVIYA,F,56,0
ASTA,F,56,12
ASTRYDA,F,56,27
AYSHAT,F,56,0
BIRGIT,F,56,9
CAITLIN,F,56,15
CARMEL,F,56,13
CHARLOTTA,F,56,53
DAFNE,F,56,24
ELIN,F,56,23
GUNAY,F,56,0
KONUL,F,56,0
MALAK,F,56,9
MARWA,F,56,3
NANI,F,56,2
NATACHA,F,56,17
NEFELI,F,56,9
RAYA,F,56,9
SANDRINE,F,56,22
SARIT,F,56,7
VIOLET,F,56,53
YAROSLAVNA,F,56,0
DAMIRA,F,55,2
ESZTER,F,55,13
EVANGELINE,F,55,10
HAILEY,F,55,11
HUONG,F,55,32
IASMINA,F,55,0
KATALINA,F,55,11
KHALIDA,F,55,3
LIUBOW,F,55,2
MEI,F,55,35
MELANA,F,55,0
NI WAYAN,F,55,0
NOELLE,F,55,66
PATIENCE,F,55,15
SYDNEY,F,55,29
SYUZANNA,F,55,0
TAIA,F,55,0
TRAUTA,F,55,12
ALYA,F,54,9
ANA MARIA,F,54,2
DEFNE,F,54,21
DITTA,F,54,23
EILEEN,F,54,65
EYLÜL,F,54,15
GITA,F,54,6
ILSE,F,54,29
IZAURA,F,54,59
KYLIE,F,54,12
MERUYERT,F,54,0
NOFAR,F,54,0
NOUR,F,54,13
OLIA,F,54,0
RABIA,F,54,17
STÉPHANIE,F,54,25
TARANA,F,54,0
ZOFIIA,F,54,0
ZŁATA,F,54,5
ÁGNES,F,54,12
AGAM,F,53,2
AMELI,F,53,2
AVITAL,F,53,0
DENİZ,F,53,23
HLAFIRA,F,53,0
IGNACJA,F,53,33
INÊS,F,53,22
LILLIA,F,53,6
MAGDALENE,F,53,66
NILI,F,53,3
PIKRIA,F,53,0
ROBIN,F,53,22
ROWENA,F,53,3
RUMBIDZAI,F,53,23
SEMA,F,53,12
SHANTI,F,53,11
SKYE,F,53,47
VUSALA,F,53,0
ALOJZJA,F,52,94
ALWINA,F,52,28
ANDA,F,52,25
ANNABELL,F,52,22
ANNETA,F,52,6
COLETTE,F,52,50
DAIVA,F,52,0
EDELGARDA,F,52,7
FLORIANA,F,52,65
HIACENTA,F,52,68
KADEK,F,52,25
KRISZTINA,F,52,9
LILJA,F,52,25
LINH,F,52,114
LIZETH,F,52,67
LOURDES,F,52,35
MANON,F,52,14
MARIONA,F,52,18
MARKÉTA,F,52,0
MINH,F,52,33
NAZLI,F,52,11
NETTA,F,52,2
NI KOMANG,F,52,0
NILUFAR,F,52,0
NURIT,F,52,12
ORNELLA,F,52,13
RIWANA,F,52,19
SAMIA,F,52,11
SELEN,F,52,6
SHIRLY,F,52,2
WŁODZISŁAWA,F,52,8
İLAYDA,F,52,5
ŁARISA,F,52,6
ALEKS,F,51,3
ANDRIANNA,F,51,3
ANU,F,51,4
ARPINE,F,51,0
CORINNE,F,51,20
CÉLINE,F,51,21
DIANNA,F,51,4
EUDOKIA,F,51,11
FORTUNATA,F,51,66
HERMENEGILDA,F,51,41
HRISTINA,F,51,0
INESS,F,51,8
JAZMIN,F,51,32
KRISTIN,F,51,48
MARIEM,F,51,7
MARY ANN,F,51,0
ORNA,F,51,3
PNINA,F,51,27
QIAN,F,51,2
SUMMER,F,51,49
YANG,F,51,9
YUZEFA,F,51,0
ZYGMUNTA,F,51,44
AMAIA,F,50,4
ANAMARIA,F,50,0
ANAYA,F,50,10
ANŻELA,F,50,2
ARLENE,F,50,9
DANELIIA,F,50,0
ELIANE,F,50,21
GENEVIEVE,F,50,65
IAMZE,F,50,0
IOLANTA,F,50,2
JOVANA,F,50,3
KENZA,F,50,10
LAMAN,F,50,0
LILITH,F,50,27
LUDOSŁAWA,F,50,20
MARIA DEL CARMEN,F,50,0
NGA,F,50,30
PRECIOUS,F,50,26
YARASLAVA,F,50,0
AMALIYA,F,49,0
AMNA,F,49,7
ANASTASJA,F,49,4
ANNE-MARIE,F,49,32
ASET,F,49,0
BOŻYSŁAWA,F,49,37
CELESTE,F,49,73
DORIANA,F,49,14
EMAN,F,49,2
GABI,F,49,12
GERTRUD,F,49,65
HUI,F,49,13
JURGITA,F,49,2
KEIRA,F,49,13
LIDWINA,F,49,13
LILOU,F,49,5
MADDALENA,F,49,19
MAUREEN,F,49,48
MELTEM,F,49,7
MICHEL,F,49,35
MIEROSŁAWA,F,49,3
SINDY,F,49,0
STAV,F,49,3
SÁRA,F,49,2
THI PHUONG,F,49,0
THỊ THỦY,F,49,0
ZEMFIRA,F,49,0
ZSÓFIA,F,49,16
ZUZIA,F,49,24
ZYGLINDA,F,49,17
ALBENA,F,48,3
ALVARD,F,48,0
ANAÏS,F,48,12
ANNALIZA,F,48,15
FREJA,F,48,35
JULIANE,F,48,22
KSENIJA,F,48,0
LATIFA,F,48,16
LATOYA,F,48,8
LIBBY,F,48,4
LYNN,F,48,286
MIRJAM,F,48,22
MIŁKA,F,48,10
PATRÍCIA,F,48,13
RASA,F,48,2
SILVA,F,48,4
SULAMITA,F,48,3
SUMAYA,F,48,3
SWATI,F,48,0
THI HOA,F,48,0
ULJANA,F,48,2
YAREN,F,48,21
ADRIA,F,47,29
ANABELL,F,47,5
APOLLONIA,F,47,23
BEGÜM,F,47,14
DESISLAVA,F,47,0
ELIDA,F,47,36
ELISSA,F,47,10
ELNURA,F,47,0
EVHENIIA,F,47,0
EVIE,F,47,16
FRANKA,F,47,8
GISELE,F,47,21
HANNELORA,F,47,11
HİLAL,F,47,7
JOVITA,F,47,8
JURATA,F,47,24
LAURENCE,F,47,25
LESLIE,F,47,21
LIDIJA,F,47,2
LU,F,47,5
NAILIA,F,47,0
NAZRIN,F,47,0
NIDHI,F,47,0
NOY,F,47,3
PAVLA,F,47,2
PRINCESS,F,47,22
RADOMIŁA,F,47,22
RENÁTA,F,47,2
SAHRA,F,47,11
SHACHAR,F,47,0
STEFANI,F,47,26
WICTORIA,F,47,35
WIWIANNA,F,47,23
ALFIIA,F,46,0
AYNA,F,46,0
BLESSING,F,46,30
CARLOTA,F,46,15
CHERYL,F,46,8
CIRILLA,F,46,84
DANAI,F,46,15
DIMITRA,F,46,14
EDIT,F,46,13
GINEVRA,F,46,5
HARRIET,F,46,28
HEIKE,F,46,13
KARMENA,F,46,13
MAHDALENA,F,46,3
MARIEL,F,46,59
MARTYNIKA,F,46,24
MARY GRACE,F,46,0
MEDEA,F,46,8
NASTASIA,F,46,8
OLESŁAWA,F,46,10
PALMIRA,F,46,28
PUJA,F,46,0
SAHAR,F,46,6
SAULE,F,46,3
SYEDA,F,46,3
TALA,F,46,3
TESS,F,46,17
THU TRANG,F,46,0
ULRIKE,F,46,11
WITOLDA,F,46,44
YESICA,F,46,4
ZONIA,F,46,13
ZULIKHAN,F,46,0
AKBOTA,F,45,0
AMARA,F,45,22
ANDREIA,F,45,12
ANJU,F,45,0
AYSHE,F,45,0
AYÇA,F,45,7
AYŞENUR,F,45,0
CÉCILE,F,45,28
DAN,F,45,7
EINAV,F,45,0
FERDYNANDA,F,45,34
FERUZA,F,45,0
GERLINDA,F,45,8
HANDE,F,45,4
HILI,F,45,0
KRZESISŁAWA,F,45,13
LUISA FERNANDA,F,45,0
MAX,F,45,0
MIRJANA,F,45,6
MYLOSLAVA,F,45,0
MYROSLAWA,F,45,0
NANULI,F,45,0
NARMINA,F,45,0
NELEA,F,45,0
NEOMI,F,45,21
NEREA,F,45,5
NI PUTU,F,45,0
SHANNON,F,45,24
SIMRAN,F,45,8
STENIA,F,45,27
TALYA,F,45,2
TETJANA,F,45,0
THỊ HƯƠNG,F,45,0
THỊ HẰNG,F,45,0
TINOTENDA,F,45,24
TRACY,F,45,12
UTA,F,45,21
UTE,F,45,13
WIĘCESŁAWA,F,45,4
YASEMİN,F,45,6
YUNONA,F,45,0
YURI,F,45,2
ZARYNA,F,45,0
ZHANAR,F,45,0
ALIX,F,44,6
ANISSA,F,44,7
ARCHANA,F,44,0
CHRISTEL,F,44,35
CHRISTELLE,F,44,19
EMMANUELA,F,44,14
HA,F,44,17
IARA,F,44,14
JOCELYN,F,44,12
LEONOR,F,44,55
LEXI,F,44,7
LILYA,F,44,3
LUISE,F,44,108
LYUBA,F,44,0
MARAL,F,44,0
MARITES,F,44,0
MILANIA,F,44,2
MISZEL,F,44,12
NALA,F,44,5
RUTENDO,F,44,32
RUVIMBO,F,44,20
SHIVANI,F,44,2
SİNEM,F,44,8
TAKHMINA,F,44,0
TATENDA,F,44,42
THỊ HIỀN,F,44,0
TOVA,F,44,31
VIVIANNA,F,44,7
XENIYA,F,44,0
YARINA,F,44,0
ZINOVIYA,F,44,0
ŚWIETŁANA,F,44,4
ADVA,F,43,2
AINHOA,F,43,10
AURÉLIE,F,43,16
AVIVA,F,43,8
BRIGITTA,F,43,24
CANAN,F,43,5
CARLOTTA,F,43,18
CECILE,F,43,29
DESIREE,F,43,23
FREDA,F,43,40
GALA,F,43,11
INOCENTA,F,43,15
JESSIE,F,43,13
KIRSTEN,F,43,13
LIALIA,F,43,0
LING,F,43,10
LUCYLLA,F,43,18
MADONNA,F,43,5
MYKHAILINA,F,43,0
NATAŠA,F,43,0
NINI,F,43,0
NOÉMIE,F,43,9
PAOLA ANDREA,F,43,0
PILAR,F,43,49
RAIANA,F,43,0
RESHMA,F,43,0
SADIA,F,43,4
SATENIK,F,43,0
THI HIEN,F,43,0
VIRONIKA,F,43,0
VÉRONIQUE,F,43,31
ZENIA,F,43,20
ZINAYIDA,F,43,0
ZORINA,F,43,0
ANELIYA,F,42,0
ARAILYM,F,42,0
AYSU,F,42,3
BERFİN,F,42,11
BERNA,F,42,8
CONSTANZA,F,42,38
DILDORA,F,42,0
ELIS,F,42,0
EMELIE,F,42,6
EVANGELIA,F,42,7
FIRUZA,F,42,0
GOSIA,F,42,31
HOA,F,42,44
ILEANA,F,42,15
KORNELIIA,F,42,2
LEYA,F,42,3
LUH,F,42,25
MALIA,F,42,10
MARINELA,F,42,7
MINH ANH,F,42,7
MORGANE,F,42,9
NATELLA,F,42,0
NAZGUL,F,42,0
NI MADE,F,42,0
OKTAVIA,F,42,7
POPPY,F,42,21
RADMYLA,F,42,0
SANJA,F,42,3
SCARLET,F,42,33
THAIS,F,42,8
THI THU,F,42,0
VESTA,F,42,0
VIRSAVIIA,F,42,0
XIAOLI,F,42,0
YUE,F,42,2
ALIANA,F,41,9
AMANDINE,F,41,10
ARANKA,F,41,8
ASLIHAN,F,41,0
ASTRIDA,F,41,13
AYDAN,F,41,4
AYSHA,F,41,6
AYTAJ,F,41,0
BATIA,F,41,10
CAROLE,F,41,26
CHARITY,F,41,9
DEEPA,F,41,0
ELISAVETA,F,41,0
ELOISE,F,41,22
HANAN,F,41,2
JAGA,F,41,13
JIA,F,41,5
JOSEFINE,F,41,42
KALPANA,F,41,0
KNARIK,F,41,0
LIRI,F,41,2
MANJU,F,41,0
MARFA,F,41,0
MARIAN,F,41,27
META,F,41,16
MYRA,F,41,8
NA,F,41,3
QUYNH ANH,F,41,2
REVITAL,F,41,0
SNIEZHANA,F,41,0
SÜMEYYE,F,41,6
THEODORA,F,41,25
THỊ NGA,F,41,0
THỊ TRANG,F,41,0
TSITSINO,F,41,0
TUBA,F,41,4
VERENA,F,41,23
YESIENIIA,F,41,0
ŞEVVAL,F,41,9
ŻANET,F,41,14
AILA,F,40,6
AIZA,F,40,0
AMRITA,F,40,8
ANGHELINA,F,40,0
DAHLIA,F,40,2
DANIA,F,40,5
DAREJAN,F,40,0
DOREEN,F,40,22
ELI,F,40,6
ELINOR,F,40,10
ELITA,F,40,2
ELSIE,F,40,27
ELWINA,F,40,19
ETER,F,40,0
FATIMAH,F,40,6
GIADA,F,40,2
HAZAL,F,40,18
ILONNA,F,40,0
JIMENA,F,40,31
JONALYN,F,40,0
JUAN,F,40,0
KATHERINA,F,40,23
LENNA,F,40,4
LILE,F,40,0
LIORA,F,40,2
LUCYLIA,F,40,14
LYLA,F,40,9
MARIA ALEJANDRA,F,40,0
MARY JANE,F,40,0
MELANY,F,40,2
MOLDIR,F,40,0
NAZI,F,40,0
PARASCOVIA,F,40,0
RABİA,F,40,3
RASHMI,F,40,5
REMIGIA,F,40,16
RENARDA,F,40,10
ROMANIA,F,40,16
ROSWITHA,F,40,7
RUI,F,40,0
SHAKHNOZA,F,40,0
SHERYL,F,40,0
SYLWIANA,F,40,18
THI THANH,F,40,0
THỊ HÀ,F,40,0
TOLISŁAWA,F,40,6
TOMIRIS,F,40,0
TRANG,F,40,65
YASENIYA,F,40,0
ÖYKÜ,F,40,2
ABBY,F,39,4
ANUSHA,F,39,2
AYANA,F,39,3
CAMELIA,F,39,19
CASANDRA,F,39,9
CEYDA,F,39,8
CEZARA,F,39,19
DAPHNA,F,39,0
DESPINA,F,39,14
DILIARA,F,39,0
DOBIESŁAWA,F,39,28
DÓRA,F,39,3
ELFRIDA,F,39,13
ELIZAWETA,F,39,2
ELIŠKA,F,39,3
EMINA,F,39,2
EVITA,F,39,9
GEFEN,F,39,0
GEORGIANA,F,39,21
GILA,F,39,8
HALA,F,39,8
HÜLYA,F,39,8
IELIZAVETA,F,39,0
ISADORA,F,39,14
JARYNA,F,39,9
KAROLÍNA,F,39,2
KRISTÝNA,F,39,0
LEONI,F,39,9
LIAN,F,39,7
LILJANA,F,39,12
LITAL,F,39,0
LIYANA,F,39,4
MABEL,F,39,86
MAGNOLIA,F,39,8
MARIA JOSE,F,39,0
MIRABELA,F,39,19
NATÁLIE,F,39,0
NI KETUT,F,39,0
NIGORA,F,39,0
NIKANDRA,F,39,7
NISA,F,39,14
RAHEL,F,39,21
ROSINA,F,39,11
SANDRA MILENA,F,39,0
SORINA,F,39,5
TINATINI,F,39,0
VIRGINIE,F,39,18
WLADYSLAWA,F,39,21
YESSICA,F,39,0
YOLANA,F,39,0
ASHANTI,F,38,12
ASTGHIK,F,38,0
AYTAN,F,38,0
CATHARINA,F,38,36
CEZARIA,F,38,39
DEEPIKA,F,38,3
EDELTRUDA,F,38,6
EIRINI,F,38,9
ELEKTRA,F,38,47
ELISABET,F,38,53
EVELYNE,F,38,17
HOPE,F,38,145
ILIA,F,38,6
IMANE,F,38,5
ISAURA,F,38,20
JENNA,F,38,7
JOLANTYNA,F,38,24
JULIETH,F,38,87
JULIYA,F,38,0
KALA,F,38,14
KATRINE,F,38,19
LAIMA,F,38,3
MARGUERITE,F,38,64
MARILOU,F,38,0
MAXINE,F,38,34
MAYIA,F,38,0
MEITAL,F,38,6
MICHELLA,F,38,5
NAZERKE,F,38,0
NGOC ANH,F,38,2
NIKKI,F,38,5
NURGUL,F,38,0
PARIS,F,38,30
RAMA,F,38,3
RHEA,F,38,9
RIYA,F,38,4
RONY,F,38,0
ROSSANA,F,38,10
SEHER,F,38,4
SELWINA,F,38,20
THI DUNG,F,38,0
THỊ DUNG,F,38,0
TSIALA,F,38,0
YENNY,F,38,0
YIFAT,F,38,0
YUKI,F,38,7
ZLATKA,F,38,0
ABRIL,F,37,23
AKSENIIA,F,37,0
ALITSYIA,F,37,0
ALTYNAI,F,37,0
AMELA,F,37,14
ANNALISA,F,37,2
ANOUK,F,37,16
ARMANDA,F,37,21
ATINA,F,37,32
AYGUN,F,37,0
BERNADA,F,37,24
BRITTANY,F,37,5
BUKET,F,37,7
CHARLIE,F,37,17
CHEYENNE,F,37,8
CORA,F,37,18
DVORA,F,37,25
ELFRIEDA,F,37,34
ELFRIEDE,F,37,41
EURYDYKA,F,37,53
FIORELLA,F,37,19
HAYLEY,F,37,14
HEIDY,F,37,0
HELA,F,37,10
HILAL,F,37,8
ILAYDA,F,37,7
INAYA,F,37,4
IRINI,F,37,4
JILL,F,37,17
JINGJING,F,37,0
JUDY,F,37,12
KARMELITA,F,37,8
KATARYNA,F,37,0
KATHARINE,F,37,34
LAURE,F,37,25
LETÍCIA,F,37,5
LIZ,F,37,21
LUTOSŁAWA,F,37,17
MARJORIE,F,37,13
MATA,F,37,2
MATEA,F,37,13
MELİSA,F,37,6
MERIAM,F,37,7
MIGLENA,F,37,0
MORENA,F,37,10
RADKA,F,37,0
RAFAELLA,F,37,21
RAISSA,F,37,8
RANDIA,F,37,18
REEM,F,37,2
SMADAR,F,37,0
SRI,F,37,27
THI HANG,F,37,0
THI LOAN,F,37,0
TING,F,37,7
VANDANA,F,37,2
WASILIKI,F,37,6
YALI,F,37,0
YEFROSYNIIA,F,37,0
YEVA-MARIIA,F,37,0
YULIYANA,F,37,0
ZBYSŁAWA,F,37,33
AKIKO,F,36,3
ALISIYA,F,36,0
ANANYA,F,36,0
ANCA,F,36,2
ANDRZEJA,F,36,42
APARNA,F,36,0
ARTEMIS,F,36,17
AYSE,F,36,19
CLARE,F,36,58
CLARISSE,F,36,5
CLEMENTINE,F,36,24
DALICJA,F,36,0
DILEK,F,36,7
DYONIZA,F,36,35
ELONA,F,36,2
GRACJANNA,F,36,25
IDIT,F,36,0
ILZE,F,36,2
JAMIE,F,36,10
KAI,F,36,7
KARMINA,F,36,7
KRISTÍNA,F,36,0
LAJLA,F,36,17
LAKSHMI,F,36,37
LISBETH,F,36,29
LORIN,F,36,10
MAHA,F,36,0
MAIYA,F,36,2
MANE,F,36,0
MELIS,F,36,12
MICHELL,F,36,30
MILKA,F,36,7
MIRENA,F,36,10
MIŁANA,F,36,0
NASIBA,F,36,0
NICOLLA,F,36,5
OLIVE,F,36,15
PANASHE,F,36,16
PELIN,F,36,5
PELİN,F,36,5
POLIANA,F,36,0
POONAM,F,36,0
RADHIKA,F,36,10
REINA,F,36,8
RIA,F,36,8
RIANNA,F,36,0
ROXANE,F,36,9
RÓŻAMARIA,F,36,4
SALIMA,F,36,8
SILKE,F,36,7
SVETLA,F,36,0
THI HONG,F,36,2
THỊ PHƯƠNG,F,36,0
UMIDA,F,36,0
YAZMIN,F,36,10
YESENIYA,F,36,0
ZARETA,F,36,0
ZELDA,F,36,20
ZHANETA,F,36,0
AGA,F,35,12
AHNIYA,F,35,0
AKMARAL,F,35,0
ALEXANDRINA,F,35,3
ANDRÉA,F,35,10
ANGELIKI,F,35,3
ARIELLE,F,35,13
BAŞAK,F,35,7
BERNATA,F,35,26
BOŽENA,F,35,0
BÉATRICE,F,35,12
CARA,F,35,11
CINTIA,F,35,4
DEBRA,F,35,7
ELLADA,F,35,0
EMMANUELLE,F,35,37
ERZSÉBET,F,35,6
ESME,F,35,10
FEDORA,F,35,0
FELICITY,F,35,21
FERIDE,F,35,0
FLOR,F,35,18
GIL,F,35,2
GÖKÇE,F,35,12
JAGUSŁAWA,F,35,5
JIAYI,F,35,3
KAJETANA,F,35,15
KUDZAI,F,35,16
KYLA,F,35,4
LENI,F,35,12
LOTTE,F,35,17
MARIELLA,F,35,10
MARTA-MARIIA,F,35,0
MILLENA,F,35,5
MILLY,F,35,12
MINNA,F,35,18
MIRIA,F,35,9
MISZELA,F,35,11
MYLA,F,35,2
NITA,F,35,3
NOÉMI,F,35,6
OLEKSANDR,F,35,0
OPHELIA,F,35,16
PARVANA,F,35,0
PATIMA,F,35,0
RENALDA,F,35,17
RIHANNA,F,35,8
SAKINA,F,35,8
SAPANA,F,35,0
SHREYA,F,35,2
SHRUTI,F,35,0
SINEM,F,35,4
SURA,F,35,6
VAN,F,35,21
VILINA,F,35,0
YOLANTA,F,35,14
AGNESA,F,34,0
AISHE,F,34,2
ALTYNAY,F,34,0
AMINATA,F,34,7
ANALYN,F,34,0
ANNEMARIA,F,34,18
ANUSHKA,F,34,4
ASIYA,F,34,0
BERMET,F,34,0
BEÁTA,F,34,2
BOHUSLAVA,F,34,0
CHAYA,F,34,31
CLEO,F,34,19
COURTNEY,F,34,13
DANIKA,F,34,5
ELLENA,F,34,9
EMELY,F,34,6
ESFIR,F,34,0
FEYZA,F,34,8
FLORINA,F,34,13
GULZHAN,F,34,0
HABRIELLA,F,34,0
HALIMA,F,34,17
HERMINE,F,34,9
HILLA,F,34,0
HUYEN,F,34,28
KASJA,F,34,13
KHAIALA,F,34,0
KHEDI,F,34,0
LAIA,F,34,4
LAMARA,F,34,2
LARYSSA,F,34,10
LEANDRA,F,34,22
LEI,F,34,2
LEONILA,F,34,3
LESZKA,F,34,13
LUSIA,F,34,11
MAREN,F,34,9
MARGAUX,F,34,12
MARIA-MAGDALENA,F,34,6
MIRI,F,34,0
MIRIANA,F,34,6
MZEVINAR,F,34,0
NAINA,F,34,7
NARE,F,34,0
NEDA,F,34,2
ROCHELLE,F,34,13
SANDHYA,F,34,0
SEEMA,F,34,0
SELIMA,F,34,0
SEOYEON,F,34,3
SEVINCH,F,34,0
SHABNAM,F,34,2
SHIRAN,F,34,0
SULTAN,F,34,23
SUSHMA,F,34,0
SYMBAT,F,34,0
SZARLOTTA,F,34,39
TARIRO,F,34,34
THI LAN,F,34,0
THỊ HOA,F,34,0
TURKAN,F,34,2
XIAOYAN,F,34,0
XIMENA,F,34,43
YOKO,F,34,9
ZINEB,F,34,4
ADÉLA,F,33,0
AGRYPINA,F,33,28
AISULU,F,33,0
ANALIA,F,33,17
ANASTACIA,F,33,10
ANJANA,F,33,0
ANKE,F,33,3
AVELINA,F,33,2
AYAULYM,F,33,0
BEATRIX,F,33,24
CHANELLE,F,33,5
CHARMAINE,F,33,11
COLLEEN,F,33,21
DANUSIA,F,33,19
DARA,F,33,9
EGANA,F,33,0
EMEL,F,33,6
EMESE,F,33,10
FANG,F,33,2
FLÁVIA,F,33,0
FUNDA,F,33,2
HAFSA,F,33,3
HANG,F,33,26
HRIPSIME,F,33,0
IARYNA,F,33,0
JELIZAWIETA,F,33,0
JIN,F,33,23
KAILA,F,33,2
KEIKO,F,33,6
KIRAN,F,33,15
LUCIJA,F,33,9
MAGDALÉNA,F,33,7
MARIA FERNANDA,F,33,0
MATANAT,F,33,0
MIKAYLA,F,33,9
MUNA,F,33,0
NARCISA,F,33,6
NEILA,F,33,9
NIKOLETT,F,33,6
NOLA,F,33,4
NURANA,F,33,0
PING,F,33,7
RACHAEL,F,33,21
RINAT,F,33,3
ROSEMARY,F,33,33
RUMYANA,F,33,0
SAMARA,F,33,11
SANIYA,F,33,0
TANYARADZWA,F,33,23
THỊ HỒNG,F,33,0
TOMOKO,F,33,0
WILLOW,F,33,17
YUN,F,33,4
ZIV,F,33,4
ADITI,F,32,3
AFSANA,F,32,0
ALEFTYNA,F,32,0
ALIAUTSINA,F,32,0
ALICA,F,32,5
ALSU,F,32,0
ANAR,F,32,0
ARMENUHI,F,32,0
ASENA,F,32,11
ASSIA,F,32,4
AYAZHAN,F,32,0
BELEN,F,32,112
BENEDETTA,F,32,6
BONNIE,F,32,12
BRIGITA,F,32,0
DAINA,F,32,5
DANIJELA,F,32,0
DEISY,F,32,0
DIANA MARCELA,F,32,0
DILNOZA,F,32,0
DURU,F,32,8
EDUARDA,F,32,30
GENIA,F,32,16
GERGANA,F,32,3
HAJAR,F,32,2
HENRIETTE,F,32,28
HIBA,F,32,0
IKA,F,32,6
ILDIKÓ,F,32,3
JORDANA,F,32,10
JŪLIJA,F,32,0
LEENA,F,32,11
LEJA,F,32,8
LEONIŁA,F,32,3
LIEIA,F,32,0
LIVIIA,F,32,0
LORNA,F,32,9
MAKVALA,F,32,0
MALAIKA,F,32,15
MEERIM,F,32,0
MERY,F,32,25
MIREILLE,F,32,20
MORA,F,32,4
NAIMA,F,32,13
NAWOJA,F,32,18
NAZILA,F,32,2
NESLIHAN,F,32,4
NI NYOMAN,F,32,0
NIAMH,F,32,40
NOELA,F,32,14
RAJANA,F,32,0
ROZALINA,F,32,5
SABA,F,32,45
SAFA,F,32,3
SALINA,F,32,4
SHALINI,F,32,6
SIRANUSH,F,32,0
SONGÜL,F,32,0
SONITA,F,32,8
SORAJA,F,32,8
TALITA,F,32,14
TAYISIYA,F,32,0
THALIA,F,32,4
THAO,F,32,25
THELMA,F,32,5
TIZIANA,F,32,10
TOM,F,32,0
VENESSA,F,32,11
XINYI,F,32,0
XUE,F,32,0
YUANYUAN,F,32,0
YUKA,F,32,2
ZULFIYA,F,32,0
ADRIANE,F,31,4
AIYM,F,31,0
ALAA,F,31,5
ANHELYNA,F,31,0
AREVIK,F,31,3
ASMAA,F,31,0
ASMIK,F,31,0
AYLİN,F,31,0
CANDICE,F,31,5
CARINE,F,31,8
CEMRE,F,31,8
CLÁUDIA,F,31,5
DELILAH,F,31,6
DIÁNA,F,31,0
EDINA,F,31,3
ELZARA,F,31,0
EMMY,F,31,5
GABIJA,F,31,0
GÜLŞAH,F,31,0
ILLIA,F,31,2
ISHA,F,31,6
JOLANDA,F,31,17
JUN,F,31,4
KARLYGASH,F,31,0
KAYLEIGH,F,31,4
KETINO,F,31,0
KRISTEN,F,31,9
KRISTYNA,F,31,6
LAMZIRA,F,31,0
LIESELOTTE,F,31,13
LOREN,F,31,19
MARIIA-VIKTORIIA,F,31,0
MEIRAV,F,31,0
MELİS,F,31,3
NAYLA,F,31,8
NGỌC,F,31,30
NIKODEMA,F,31,23
NUNU,F,31,0
PANAGIOTA,F,31,8
PARASKIEWIA,F,31,8
PUTU,F,31,33
QI,F,31,2
RAJA,F,31,7
RAMYA,F,31,0
REKHA,F,31,5
ROSTYSLAVA,F,31,0
SAFIRA,F,31,10
SAMA,F,31,0
SAMAR,F,31,5
SELENE,F,31,9
SERAP,F,31,3
SUSANNAH,F,31,7
SİMGE,F,31,5
THỊ HẠNH,F,31,0
TÍMEA,F,31,5
ULLA,F,31,12
VIALETA,F,31,0
XIAO,F,31,0
YASMEEN,F,31,7
YORDANA,F,31,0
AMANI,F,30,10
AMBRA,F,30,5
ANGE,F,30,11
ANNETTA,F,30,5
ANTJE,F,30,7
ASHWINI,F,30,0
AURELIE,F,30,8
AYGUL,F,30,0
CASEY,F,30,8
CEYLAN,F,30,5
CORAL,F,30,5
CORALIE,F,30,8
DANIIELA,F,30,0
DANISŁAWA,F,30,6
DARYIA,F,30,0
DEMI,F,30,5
DZHAMILIA,F,30,0
EDELGARD,F,30,17
ELMA,F,30,9
FANI,F,30,9
FANIA,F,30,2
GIANNA,F,30,15
GILDA,F,30,14
GIOIA,F,30,11
GIOVANA,F,30,0
GULSHAN,F,30,0
HANNE,F,30,4
HEORHINA,F,30,0
INNESA,F,30,0
JIAQI,F,30,0
JIEUN,F,30,0
KAROLIN,F,30,6
KOMAL,F,30,0
LALE,F,30,0
LILIBETH,F,30,5
LUDOVICA,F,30,2
LÍVIA,F,30,0
MACARENA,F,30,13
MI,F,30,32
MIRAY,F,30,5
MIRYAM,F,30,13
MISS,F,30,0
NARINA,F,30,2
NIRMALA,F,30,0
ORIONA,F,30,13
ORTAL,F,30,0
RAKSANA,F,30,0
RANI,F,30,52
ROSITSA,F,30,0
ROZITA,F,30,11
SALOMIIA,F,30,0
SANIA,F,30,4
SARINA,F,30,4
SHARMILA,F,30,2
STEFANY,F,30,15
SUSMITA,F,30,0
SYNTHIA,F,30,2
TAISJA,F,30,0
THI HUYEN,F,30,0
TIJANA,F,30,0
VARDUHI,F,30,2
YENIFER,F,30,0
ZDENKA,F,30,2
ZHANETTA,F,30,0
ZIVA,F,30,7
ZULA,F,30,9
İPEK,F,30,8
AIZADA,F,29,0
AMI,F,29,4
ANASTASSIA,F,29,5
ANITTA,F,29,8
ARBEL,F,29,0
ASMAT,F,29,0
AYSUN,F,29,2
AYTEN,F,29,3
BRIANNA,F,29,8
BRITTA,F,29,13
CHERRY,F,29,3
CINTHIA,F,29,3
DOMNIKA,F,29,0
HAJNALKA,F,29,3
HENIA,F,29,12
HIEN,F,29,22
HIROKO,F,29,2
IMEN,F,29,4
JENIFFER,F,29,8
JITKA,F,29,0
JUANITA,F,29,9
KARDELEN,F,29,7
KATY,F,29,11
LILLIANNA,F,29,5
LOAN,F,29,18
LUZIE,F,29,27
MAFTUNA,F,29,0
MARIKO,F,29,5
MARJANA,F,29,0
MARLETA,F,29,8
MEGHA,F,29,0
MEGHAN,F,29,5
MINE,F,29,4
NAVA,F,29,4
NERINGA,F,29,0
NEYLA,F,29,0
NHUNG,F,29,25
OLENKA,F,29,13
PASCALE,F,29,26
PELAHEIA,F,29,0
PREETI,F,29,0
RIM,F,29,12
ROSALINDA,F,29,7
ROSELYN,F,29,5
RUMEYSA,F,29,2
SABRYNA,F,29,6
SARI,F,29,9
SAYA,F,29,3
SEMRA,F,29,3
SEVDALINA,F,29,0
SEVGI,F,29,8
SHANSHAN,F,29,0
SHWETA,F,29,0
SIGRIDA,F,29,9
SITI,F,29,0
STANISLAWA,F,29,84
SUJATA,F,29,2
SZILVIA,F,29,5
TABITA,F,29,7
TADIWANASHE,F,29,32
THI HA,F,29,0
THI HANH,F,29,0
THI LIEN,F,29,0
THỊ HƯỜNG,F,29,0
THỊ NHUNG,F,29,0
THỊ THÚY,F,29,0
THỊ THẢO,F,29,0
THỊ VÂN,F,29,0
TINGTING,F,29,4
VARSHA,F,29,0
VIACHESLAVA,F,29,0
XI,F,29,3
XIA,F,29,2
YUXIN,F,29,0
ZHANEL,F,29,0
ZURA,F,29,0
AIGIUN,F,28,0
AISHWARYA,F,28,2
ALITA,F,28,5
AMALYA,F,28,3
ANARA,F,28,0
ANASTASYA,F,28,0
ANISHA,F,28,3
ANTOANETA,F,28,0
ARTEMIDA,F,28,17
ARYIANA,F,28,0
BASTI,F,28,0
BESTE,F,28,3
BOJANA,F,28,2
BRIANA,F,28,3
CHARLENE,F,28,6
CHIOMA,F,28,71
DILAN,F,28,13
DILYARA,F,28,0
EDELTRAUTA,F,28,9
ELZHBETA,F,28,0
EMILIANNA,F,28,6
FELICYTAS,F,28,11
GABRYJELA,F,28,40
GAIANE,F,28,0
GILLIAN,F,28,14
GORDANA,F,28,2
HAJNAL,F,28,0
HAYAT,F,28,5
ILANIT,F,28,3
JEWA,F,28,0
JEĻENA,F,28,0
JOSÉPHINE,F,28,24
KATELYN,F,28,3
KATINA,F,28,5
KETI,F,28,0
KHLOE,F,28,8
KSIENIIA,F,28,0
LEANNE,F,28,20
LETTY,F,28,10
LIEN,F,28,18
LILIEN,F,28,3
LORINA,F,28,2
LOTEM,F,28,0
MAEVE,F,28,20
MAKSYM,F,28,0
MARIVIC,F,28,0
MAXIMA,F,28,18
MAYSA,F,28,3
MEENA,F,28,0
MIKHALINA,F,28,0
MIRKA,F,28,13
MYLENE,F,28,2
MÁRCIA,F,28,6
NAN,F,28,3
NIHAL,F,28,0
NUTSA,F,28,0
ODA,F,28,14
ORSOLYA,F,28,8
PAULA ANDREA,F,28,0
PELAHIIA,F,28,0
QING,F,28,3
RENU,F,28,0
RINATA,F,28,0
RIZA,F,28,0
RUVARASHE,F,28,23
SAIRA,F,28,3
SAMINA,F,28,2
SAMJHANA,F,28,0
SAVANNA,F,28,4
SHRADDHA,F,28,0
SKARLET,F,28,10
SKYLA,F,28,2
SKYLAR,F,28,7
STACY,F,28,9
TAFADZWA,F,28,25
TASNIM,F,28,9
TONI,F,28,12
TUǦBA,F,28,0
USHA,F,28,2
VALERIJA,F,28,0
VOLGA,F,28,0
WALTRUDA,F,28,6
YEKATIERINA,F,28,0
YULIETH,F,28,58
ZOHRA,F,28,27
ŁESIA,F,28,2
ABIR,F,27,4
ADRIENNE,F,27,13
AFRODITI,F,27,11
AGNĖ,F,27,0
AKERKE,F,27,0
ALEXANDRIA,F,27,19
ANABELA,F,27,14
ANDRA,F,27,7
ANDRII,F,27,0
ANDRONA,F,27,16
ANNELIES,F,27,8
ANNELIZA,F,27,4
ANNI,F,27,8
ANTOINETTE,F,27,66
ARIKA,F,27,9
ARISA,F,27,10
ASHLEIGH,F,27,10
BRIDGET,F,27,25
BROOKE,F,27,28
CRISTIANA,F,27,3
DALMA,F,27,8
DANKA,F,27,7
DASZA,F,27,3
DEA,F,27,4
ELKA,F,27,7
ELLY,F,27,13
ESPERANZA,F,27,52
EVDOCHIA,F,27,0
FILIPA,F,27,66
FILIZ,F,27,5
GLENDA,F,27,3
GOSŁAWA,F,27,14
HEBA,F,27,0
HOUDA,F,27,3
IFAT,F,27,0
INGEBURG,F,27,10
INGEBURGA,F,27,4
IREN,F,27,6
JOLANTHE,F,27,20
JONA,F,27,5
JUNE,F,27,71
JÉSSICA,F,27,0
KONSUELA,F,27,26
KRISHNA,F,27,15
KRISTĪNE,F,27,0
LADY,F,27,0
MANUELLA,F,27,6
MARET,F,27,3
MARGIE,F,27,0
MARGRET,F,27,15
MARIA DE LOS ANGELES,F,27,0
MARUSIA,F,27,5
MIHO,F,27,0
MÜGE,F,27,5
NAIDA,F,27,0
NESTAN,F,27,0
OANH,F,27,20
ORA,F,27,5
PALLAVI,F,27,5
RADHA,F,27,10
RADOCHNA,F,27,34
RALUCA,F,27,11
RAZ,F,27,3
RITTA,F,27,12
ROBYN,F,27,25
RONG,F,27,2
RONNY,F,27,0
RUBI,F,27,11
SAI,F,27,11
SANAA,F,27,4
SANITA,F,27,0
SHANY,F,27,3
SONATA,F,27,3
SUPRIYA,F,27,0
SWETLANA,F,27,3
THI HUE,F,27,0
THI NGA,F,27,0
THỊ LAN,F,27,0
THỊ THU,F,27,0
ULKAR,F,27,0
WHITNEY,F,27,8
WILHELMA,F,27,9
WITALINA,F,27,0
YONA,F,27,13
YUAN,F,27,2
YUJIN,F,27,0
YUMI,F,27,7
ZENONIA,F,27,4
AN,F,26,40
ANELYA,F,26,0
AOIFE,F,26,40
ASSIYA,F,26,0
AXENIA,F,26,0
BALWINA,F,26,19
BANU,F,26,13
BERFIN,F,26,12
BONAWENTURA,F,26,25
BUSHRA,F,26,0
CLOE,F,26,10
CRISTINE,F,26,20
DESTINY,F,26,13
DEVI,F,26,99
DIVINE,F,26,3
EGLĖ,F,26,0
EMMANUELLA,F,26,9
EWANGELINA,F,26,8
GERTA,F,26,15
GONI,F,26,0
HABIBA,F,26,5
HACER,F,26,3
HARPER,F,26,27
ILMIRA,F,26,0
IPEK,F,26,6
JANULA,F,26,3
JOELLE,F,26,15
KATALEYA,F,26,12
KATHERIN,F,26,16
KAVYA,F,26,0
KAYLEE,F,26,10
KEILA,F,26,2
KEYLA,F,26,0
KHANH,F,26,12
LAURIE,F,26,4
LEEN,F,26,3
LEONTINA,F,26,2
LEOPOLDYNA,F,26,47
LIPING,F,26,0
LISE,F,26,20
LUCREZIA,F,26,4
MACIEJA,F,26,29
MAIKE,F,26,0
MANAL,F,26,3
MARITZA,F,26,15
MARIYANA,F,26,2
MARZHAN,F,26,0
MENG,F,26,0
MIKI,F,26,4
MILDA,F,26,7
MILOSLAVA,F,26,0
MIRIAN,F,26,6
MUNIRA,F,26,2
MÔNICA,F,26,0
NAIA,F,26,3
NOTBURGA,F,26,16
OANA,F,26,6
PERIZAT,F,26,0
PRAMILA,F,26,0
QUYNH,F,26,14
RAIA,F,26,0
RAZET,F,26,0
ROSARIO,F,26,24
RUSUDANI,F,26,0
RŪTA,F,26,0
SALA,F,26,2
SAMAL,F,26,0
SANTINA,F,26,9
SATSITA,F,26,0
SINA,F,26,2
SOFIIA-MARIIA,F,26,0
SOŇA,F,26,0
STEFKA,F,26,0
SULTANA,F,26,18
TAHMINA,F,26,3
TAINA,F,26,4
TALY,F,26,0
THI MAI,F,26,0
THI NHUNG,F,26,0
THI THAO,F,26,0
THỊ HUYỀN,F,26,0
THỊ THANH,F,26,2
TOMIŁA,F,26,10
VAFA,F,26,0
VALÉRIE,F,26,14
VANINA,F,26,17
WINNIE,F,26,4
WITALIA,F,26,11
XUAN,F,26,10
YOANNA,F,26,8
ZHYLDYZ,F,26,0
ADELAIDE,F,25,22
ADILA,F,25,0
AGLAIA,F,25,0
AHNESHKA,F,25,0
AHUVA,F,25,9
ALARA,F,25,11
ALEENA,F,25,4
ALIIE,F,25,0
ALLEGRA,F,25,14
ANDRESSA,F,25,0
ANNA MARIA,F,25,100
ANNE-SOPHIE,F,25,2
APOLLINE,F,25,0
AURELIIA,F,25,0
AYAN,F,25,0
AYBÜKE,F,25,2
AZHAR,F,25,0
BETYNA,F,25,7
BOTAGOZ,F,25,0
BOŻENTYNA,F,25,12
CHANTEL,F,25,17
CHRYZANTA,F,25,17
CIARA,F,25,28
CLAUDINE,F,25,18
CYLA,F,25,0
CǍTǍLINA,F,25,0
DANICA,F,25,4
DEMET,F,25,4
DEVIKA,F,25,4
DILFUZA,F,25,0
DIYANA,F,25,0
DONATELLA,F,25,6
ELIANNA,F,25,3
ELSE,F,25,21
ETHEL,F,25,23
EUSTACHIA,F,25,10
FAJGA,F,25,8
GELENA,F,25,0
GEMA,F,25,6
GRACIA,F,25,24
GUADALUPE,F,25,65
GULNORA,F,25,0
HEN,F,25,11
HILARY,F,25,8
ILAHA,F,25,0
IMOGEN,F,25,9
INARA,F,25,0
INESE,F,25,0
IVELINA,F,25,0
JEMMA,F,25,0
JUNG,F,25,18
KAORI,F,25,4
KAVITA,F,25,0
LEO,F,25,0
LEXIE,F,25,0
LIHUA,F,25,0
LILIANNE,F,25,6
LORI,F,25,3
LYRA,F,25,6
MAGALÍ,F,25,18
MAI ANH,F,25,0
MAREKHI,F,25,0
MARGARIT,F,25,0
MARIZA,F,25,9
MILIANA,F,25,8
MYKOLA,F,25,2
NABILA,F,25,5
NIGINA,F,25,0
NOAH,F,25,2
NOEMIE,F,25,3
PAZ,F,25,22
RANO,F,25,0
RYWA,F,25,0
SHUSHANIK,F,25,0
SIENA,F,25,9
SINDI,F,25,7
SIUZANA,F,25,0
SLAVA,F,25,0
SŁAWINA,F,25,17
TALINA,F,25,0
TANITA,F,25,17
THI YEN,F,25,0
THỊ LOAN,F,25,0
THỊ MAI,F,25,0
THỊ NGỌC,F,25,0
THỊ YẾN,F,25,0
TUANA,F,25,9
TURANA,F,25,0
TYCJANA,F,25,15
TÜNDE,F,25,8
ULVIYYA,F,25,0
VALERY,F,25,5
VICTORIYA,F,25,0
VIDA,F,25,3
VLADYLENA,F,25,0
WEN,F,25,7
WENETA,F,25,14
WIDA,F,25,2
YADVIGA,F,25,0
YANYAN,F,25,0
YELYSAVETA,F,25,0
YEMILIIA,F,25,0
YEN,F,25,12
YUKO,F,25,0
ZENA,F,25,11
ZHALA,F,25,0
ZHANNETA,F,25,0
ZHANSAYA,F,25,0
ZHIBEK,F,25,0
ZYUMBYULKA,F,25,0
ÇAĞLA,F,25,6
İLKNUR,F,25,0
AIA,F,24,0
ALUA,F,24,0
AMARACHI,F,24,44
AMBRE,F,24,7
ANALIZA,F,24,0
ANDZELIKA,F,24,9
ANDZHELA,F,24,0
ANELIZA,F,24,7
ANGÉLIQUE,F,24,10
ANIFE,F,24,0
ANSTASIIA,F,24,0
ARETTA,F,24,11
ASHKHEN,F,24,0
AZALIA,F,24,4
BAO ANH,F,24,2
BERNADETT,F,24,6
BORYSŁAWA,F,24,14
CATHY,F,24,12
CHIEDZA,F,24,15
CSILLA,F,24,12
DENISSE,F,24,17
DEONIZA,F,24,8
DIDEM,F,24,5
ELIZAWIETA,F,24,0
ELMAZ,F,24,0
EMMI,F,24,6
EUDOCHIA,F,24,0
EVDOKIA,F,24,0
FRANKIE,F,24,10
GALIYA,F,24,0
GANGA,F,24,3
GAUKHAR,F,24,0
HAIYAN,F,24,0
HANH,F,24,20
HAVVA,F,24,3
HRYSTYNA,F,24,0
ILENIA,F,24,0
IVETTE,F,24,17
JIWON,F,24,0
JIYOUNG,F,24,0
JOSIANE,F,24,8
JUNA,F,24,7
JUTKA,F,24,0
KATALEIA,F,24,3
KATERINE,F,24,26
KAYRA,F,24,6
KOLETTA,F,24,13
LINDSAY,F,24,14
MAISIE,F,24,12
MANDY,F,24,5
MARGA,F,24,13
MARGARETHA,F,24,27
MARIA CAMILA,F,24,0
MARKIZA,F,24,10
MARY JOY,F,24,0
MIŁOCHNA,F,24,8
MÁRTA,F,24,6
MŚCISŁAWA,F,24,10
NAZAKAT,F,24,0
NESLİHAN,F,24,2
NIKE,F,24,28
NING,F,24,4
NURCAN,F,24,5
OLESJA,F,24,0
OŁEKSANDRA,F,24,0
PRATIMA,F,24,0
RADIMA,F,24,0
REBEKKA,F,24,11
REYHAN,F,24,2
RICHA,F,24,0
RIKA,F,24,6
ROSEMARIA,F,24,12
SADAGAT,F,24,0
SAKSHI,F,24,0
SAWANA,F,24,8
SENEM,F,24,9
SERRA,F,24,13
SESILI,F,24,0
SHELLEY,F,24,6
SHIKHA,F,24,0
SHULAMIT,F,24,11
STAVROULA,F,24,4
TARESA,F,24,2
TAYLOR,F,24,27
TEMENUZHKA,F,24,0
THI OANH,F,24,0
THUY LINH,F,24,2
THỊ OANH,F,24,0
TRACEY,F,24,8
TUNZALA,F,24,0
UNA,F,24,13
VALIDA,F,24,0
VALIERIIA,F,24,0
VARDA,F,24,3
VENUS,F,24,9
VIVIANNE,F,24,9
WALERIJA,F,24,0
YE,F,24,0
YEIMY,F,24,0
YUTING,F,24,0
ZEYNAB,F,24,0
ÉMILIE,F,24,6
ŻELISŁAWA,F,24,19
ALEXSANDRA,F,23,11
AMILIA,F,23,4
ANAMIKA,F,23,0
ANANO,F,23,0
ANETT,F,23,0
ANGELINE,F,23,18
ANIKÓ,F,23,3
ANNA-VIKTORIIA,F,23,0
ANURADHA,F,23,0
ARUNA,F,23,4
ASMITA,F,23,0
ASTERIA,F,23,17
AYAKO,F,23,0
BERİL,F,23,4
BIBI,F,23,12
BISHNU,F,23,0
CLARICE,F,23,2
CÉLIA,F,23,4
DEWI,F,23,17
DITA,F,23,5
DOMICELLA,F,23,12
DOMNIKIIA,F,23,0
ELLE,F,23,16
ENOLA,F,23,7
ESENIIA,F,23,0
EUN,F,23,18
EURELIA,F,23,9
EWGENIA,F,23,0
FAUSTINE,F,23,6
FELICITAS,F,23,17
FRANCINE,F,23,20
GIA,F,23,6
GULZAT,F,23,0
GÜLCAN,F,23,3
HINDA,F,23,8
ISKRA,F,23,7
IŞIL,F,23,3
JAROMIRA,F,23,13
JENNET,F,23,0
JULIANNE,F,23,5
KARA,F,23,10
KARNI,F,23,0
KAZYMYRA,F,23,0
KELSEY,F,23,2
KHADIZHA,F,23,0
KHANH LINH,F,23,2
KIANA,F,23,5
KRYSTA,F,23,16
LAURETTA,F,23,7
LAYAN,F,23,0
LEAKADZIYA,F,23,0
LIANE,F,23,4
LIRA,F,23,3
LIUTSYNA,F,23,0
LOVELY,F,23,3
LULU,F,23,12
MADELYN,F,23,4
MALIN,F,23,14
MARYJA,F,23,16
MAÏA,F,23,0
MELINE,F,23,2
MILDRED,F,23,6
MILEY,F,23,7
MIRNA,F,23,4
MISHA,F,23,3
MÓNIKA,F,23,7
NADEŽDA,F,23,0
NANDINI,F,23,3
NAZAR,F,23,0
NAZIK,F,23,0
NAZLICAN,F,23,0
NELE,F,23,0
NEVENA,F,23,3
NIDIA,F,23,4
NILAY,F,23,4
NÓRA,F,23,4
OLIVERA,F,23,0
OLIVIYA,F,23,0
PENELOPA,F,23,26
POLLYANNA,F,23,2
RAWAN,F,23,0
RENIA,F,23,12
RITIKA,F,23,0
ROPAFADZO,F,23,18
RUCHI,F,23,0
SABITA,F,23,0
SAFIIA,F,23,0
SALOMEJA,F,23,19
SANNA,F,23,4
SARANYA,F,23,0
SASZA,F,23,11
SHILPA,F,23,0
SIDONIA,F,23,12
SIRINE,F,23,0
SISSI,F,23,3
SOFII,F,23,4
SONAM,F,23,0
SOPHIO,F,23,0
SOYEON,F,23,0
SOŁOMIJA,F,23,0
STACEY,F,23,13
STEFFI,F,23,9
SWATHI,F,23,0
SÜMEYRA,F,23,3
TANAKA,F,23,18
TENDAI,F,23,12
THI TAM,F,23,0
THI VAN,F,23,0
THỊ HUỆ,F,23,0
THỊ LIÊN,F,23,0
THỊ LÝ,F,23,0
VAISHNAVI,F,23,0
VETA,F,23,0
WIKA,F,23,3
XINYU,F,23,0
YAMILA,F,23,7
YASNA,F,23,0
YAǦMUR,F,23,4
YIFAN,F,23,0
YINA,F,23,2
YUNNA,F,23,0
ZHULDYZ,F,23,0
ÖZNUR,F,23,0
ŚWIETLANA,F,23,17
ŽANETA,F,23,0
ADELYA,F,22,0
ADRIENN,F,22,8
ADÈLE,F,22,5
AGNETA,F,22,6
AGOSTINA,F,22,11
AHAFIIA,F,22,0
AIMAN,F,22,2
AIPERI,F,22,0
AISHAT,F,22,2
AITANA,F,22,2
ALESJA,F,22,2
ALICIJA,F,22,0
ALIKI,F,22,2
ALIMA,F,22,3
ALITSIIA,F,22,0
ALMOG,F,22,0
ANAIDA,F,22,2
ANASTASIIA-MARIIA,F,22,0
ANNELISE,F,22,7
ARIN,F,22,2
ARSENIIA,F,22,0
ARYANA,F,22,5
AYSHAN,F,22,0
BAO NGOC,F,22,0
BAYAN,F,22,0
BEGIMAI,F,22,0
BETHANY,F,22,12
BILJANA,F,22,0
BINA,F,22,6
CRISTIANE,F,22,7
CRYSTAL,F,22,15
DAKOTA,F,22,17
DALIT,F,22,3
DAMROKA,F,22,36
DENIS,F,22,4
DESPOINA,F,22,4
DIANA CAROLINA,F,22,0
DIANA-MARIIA,F,22,0
DOR,F,22,0
DOROTEA,F,22,10
DŻAMILA,F,22,17
ELEFTHERIA,F,22,6
ELHAM,F,22,2
ELIYA,F,22,2
ELIZAVIETA,F,22,0
ENIKŐ,F,22,3
ENYA,F,22,9
EUNJI,F,22,0
FAIZA,F,22,4
FEODORA,F,22,0
FEODOSIIA,F,22,0
FLEUR,F,22,17
FRANCY,F,22,2
GARIMA,F,22,0
GAÏA,F,22,3
GEFFEN,F,22,0
GULDANA,F,22,0
GULNUR,F,22,0
HANIYA,F,22,0
HARUKA,F,22,2
HELIN,F,22,8
HELLEN,F,22,16
HUDA,F,22,0
IBOLYA,F,22,6
IOULIA,F,22,0
IRMAK,F,22,8
JAEL,F,22,17
JEMIMA,F,22,12
JI,F,22,5
JIHYUN,F,22,0
JOVELYN,F,22,0
KAIRA,F,22,2
KAITLYN,F,22,4
KALIKSTA,F,22,13
KATHRINE,F,22,14
KORDELIA,F,22,13
KRASIMIRA,F,22,0
LATOJA,F,22,9
LIDYA,F,22,3
LINOY,F,22,0
LIU,F,22,3
LORAINE,F,22,10
LUCA,F,22,6
LUCYLA,F,22,7
LYNDA,F,22,7
MACY,F,22,3
MAIJA,F,22,14
MALANNIA,F,22,0
MANAR,F,22,2
MANZURA,F,22,0
MAYAN,F,22,0
MEENAKSHI,F,22,0
MEERA,F,22,8
MELODIA,F,22,30
MIJAL,F,22,20
MILI,F,22,0
MISHEEL,F,22,0
NASTYA,F,22,2
NATHALY,F,22,13
NIDA,F,22,0
NIKOLIETTA,F,22,0
NORBERTA,F,22,28
NOURA,F,22,0
NURTEN,F,22,0
OFEK,F,22,0
OFRA,F,22,0
ORLA,F,22,20
PABITRA,F,22,0
PARISA,F,22,3
POLLY,F,22,4
QIN,F,22,0
RAFFAELLA,F,22,10
REBEKAH,F,22,6
ROKSANNA,F,22,7
ROZANETA,F,22,6
RUF,F,22,0
RUZHENA,F,22,0
RÉKA,F,22,5
SAFINA,F,22,0
SARIKA,F,22,0
SAVANA,F,22,0
SHANAYA,F,22,2
SIEGRID,F,22,5
SRIJANA,F,22,0
STEPANYDA,F,22,0
STEPHANIA,F,22,14
SULISŁAWA,F,22,15
SVENJA,F,22,2
SWETHA,F,22,0
TAISIJA,F,22,0
TAMRIKO,F,22,0
TANATSWA,F,22,13
TAYA,F,22,0
THI THU HUONG,F,22,0
THỊ PHƯỢNG,F,22,0
THỊ THU HÀ,F,22,0
THỊ TÂM,F,22,0
TSION,F,22,0
TUǦÇE,F,22,5
VOLODYMYR,F,22,0
WIECZYSŁAWA,F,22,8
XINYUE,F,22,2
YAM,F,22,2
YULDUZ,F,22,0
YULIIANA,F,22,0
ZEINA,F,22,5
ZELIA,F,22,17
ZHENYA,F,22,0
ŞULE,F,22,7
ABBIE,F,21,4
ADELGUNDA,F,21,8
ADELIYA,F,21,0
AGNIA,F,21,0
AI,F,21,2
AIDAI,F,21,0
AIYA,F,21,0
AJLA,F,21,5
AKANKSHA,F,21,0
ALFIYA,F,21,0
ALIME,F,21,0
ANNA MARIIA,F,21,0
ANNELI,F,21,21
ARIETTA,F,21,10
ARISHA,F,21,0
ARLYN,F,21,0
ARTI,F,21,4
ASWATHY,F,21,0
AYAH,F,21,3
AYAKA,F,21,0
BASMA,F,21,2
BERTHA,F,21,7
BONITA,F,21,6
CENNET,F,21,0
CHI,F,21,21
CLÉMENCE,F,21,11
DAIWA,F,21,0
DARIKO,F,21,0
DEEPTI,F,21,0
DIKSHA,F,21,0
DIĀNA,F,21,0
DUNG,F,21,13
DİLEK,F,21,0
EBRAR,F,21,9
ELANA,F,21,0
EMELI,F,21,3
EMÍLIA,F,21,5
ERMINA,F,21,12
ESTEFANY,F,21,10
EVDOKIIA,F,21,0
FAVOUR,F,21,18
FİLİZ,F,21,2
GEORGETA,F,21,8
GLORIIA,F,21,0
GRAZIELLA,F,21,8
GUZAL,F,21,0
GUZEL,F,21,0
HAN,F,21,12
HANELORA,F,21,8
HELİN,F,21,3
HIND,F,21,2
HITA,F,21,0
IADVIGA,F,21,0
ILKNUR,F,21,0
IMANI,F,21,4
IMGARDA,F,21,12
IQRA,F,21,0
ISOBEL,F,21,24
IWANKA,F,21,9
IYA,F,21,0
JANETH,F,21,24
JANNAT,F,21,5
JEANETTA,F,21,7
JEWGIENIJA,F,21,0
JOLÁN,F,21,3
JÁZMIN,F,21,0
KABITA,F,21,0
KAY,F,21,77
KEVSER,F,21,0
KHATIRA,F,21,0
KHULAN,F,21,0
KLAUDIIA,F,21,0
KUMARI,F,21,142
LEILANI,F,21,6
LEIRE,F,21,0
LENNY,F,21,0
LESLY,F,21,3
LINGLING,F,21,0
LINNEA,F,21,26
LISETH,F,21,17
LUCILLE,F,21,22
LUMINITA,F,21,2
MADHURI,F,21,0
MAE,F,21,258
MAHSA,F,21,0
MAITE,F,21,4
MAMTA,F,21,0
MANSI,F,21,0
MAR'YANA,F,21,0
MARITTA,F,21,9
MARLEN,F,21,12
MEDINE,F,21,5
MIREIA,F,21,3
MIRUNA,F,21,7
MOUNA,F,21,3
MYROSŁAWA,F,21,0
NATA,F,21,0
NERMIN,F,21,3
NICOLINA,F,21,5
ORSZULA,F,21,16
PANAJOTA,F,21,8
PARBATI,F,21,0
PHUONG ANH,F,21,2
RAGSANA,F,21,0
RAZAN,F,21,2
RENUKA,F,21,0
RISA,F,21,0
RITU,F,21,0
RIVA,F,21,2
ROCÍO,F,21,7
RONNIE,F,21,3
ROZETA,F,21,10
RUCHLA,F,21,4
RUFARO,F,21,15
RUNA,F,21,5
RYWKA,F,21,9
SAADAT,F,21,0
SABRIN,F,21,0
SAIMA,F,21,2
SAKURA,F,21,6
SEDRA,F,21,0
SEFORA,F,21,2
SEVARA,F,21,0
SEVIM,F,21,6
SILVIE,F,21,2
SOFIKO,F,21,0
SUMITRA,F,21,2
SYNDIA,F,21,4
TEREZIIA,F,21,0
THI BINH,F,21,0
THI THU HA,F,21,0
THI TUYET,F,21,0
THỊ LINH,F,21,0
THỊ NGUYỆT,F,21,0
TUYET,F,21,4
ULRYKA,F,21,12
ULZHAN,F,21,0
URMILA,F,21,2
VIKTORIE,F,21,2
VIRGINIJA,F,21,0
XIAOMEI,F,21,0
YEVGENIA,F,21,0
YEWA,F,21,0
YULY,F,21,0
ZARIANA,F,21,0
ZORA,F,21,9
AGNÈS,F,20,22
AIGANYM,F,20,0
AIGUN,F,20,0
AITAN,F,20,0
AIZHAMAL,F,20,0
AMALIE,F,20,8
AMELKA,F,20,6
ANAHITA,F,20,6
ANDREINA,F,20,37
ANICENTA,F,20,7
ANISIA,F,20,0
ANTONELA,F,20,2
ANTONIETTA,F,20,17
ANYI,F,20,0
AVERY,F,20,13
AVHUSTA,F,20,0
AYUSHI,F,20,0
BLANDINE,F,20,7
CAREN,F,20,2
CHOLPON,F,20,0
CLAVDIA,F,20,0
DANIELE,F,20,8
DANIIA,F,20,0
DANIT,F,20,0
DANYYILA,F,20,0
DARIJA,F,20,0
DIMA,F,20,0
DIYA,F,20,4
DOMENICA,F,20,10
DONA,F,20,10
DORON,F,20,0
DOROTHEE,F,20,9
DULCE,F,20,0
DİLAN,F,20,2
EDANUR,F,20,0
EDDA,F,20,7
EKATERINI,F,20,3
EMELIA,F,20,4
EMIRA,F,20,9
EMNA,F,20,4
EVANHELINA,F,20,0
FABIA,F,20,15
FADZAI,F,20,14
FATEMA,F,20,2
FAUSTINA,F,20,22
GABRIEL,F,20,15
GAIL,F,20,34
GAURI,F,20,5
GEETA,F,20,0
GENOVEVA,F,20,4
GETA,F,20,0
GIA HAN,F,20,0
GIA LINH,F,20,0
GITLA,F,20,7
GIULI,F,20,0
HAI,F,20,3
HAWA,F,20,5
HIULNARA,F,20,0
IONA,F,20,17
IOVA,F,20,0
JARMIŁA,F,20,5
JESENIA,F,20,0
JIAXIN,F,20,0
JOVANKA,F,20,5
KAJLA,F,20,3
KHUSHBOO,F,20,0
KIM ANH,F,20,6
KSAWERYNA,F,20,11
LERA,F,20,0
LOTA,F,20,25
LUÍSA,F,20,11
MA.,F,20,0
MADDISON,F,20,4
MADHU,F,20,2
MAINA,F,20,3
MANIA,F,20,0
MARAM,F,20,0
MARETA,F,20,4
MARIA DEL PILAR,F,20,0
MARIAMA,F,20,11
MARICRIS,F,20,0
MARIIA-KHRYSTYNA,F,20,0
MEDNI,F,20,0
MEMORY,F,20,3
MEREY,F,20,0
MYKHAILO,F,20,0
MİRAY,F,20,0
NAFISA,F,20,0
NAJA,F,20,4
NATALII,F,20,0
NIKO,F,20,2
NORAH,F,20,13
NURUL,F,20,0
NİSA,F,20,17
OFELIIA,F,20,0
OFELYA,F,20,0
OLCHA,F,20,3
OPHIR,F,20,0
PEGGY,F,20,8
PETRUNELIA,F,20,0
PETYA,F,20,0
PREETHI,F,20,2
RACHELLE,F,20,9
RAHMA,F,20,6
RAKHILA,F,20,0
RANDA,F,20,5
RAUSHAN,F,20,0
RAVIT,F,20,0
REENA,F,20,4
ROSALINA,F,20,4
SALWA,F,20,2
SANDA,F,20,3
SEDEF,F,20,4
SELDA,F,20,2
SEVERINA,F,20,0
SHAHAF,F,20,0
SHAKIRA,F,20,10
SHALALA,F,20,0
SIA,F,20,8
SLAVIANA,F,20,0
SONIYA,F,20,0
STEFANIJA,F,20,0
TAMILLA,F,20,0
THI LY,F,20,0
THỊ HÒA,F,20,0
VALÉRIA,F,20,3
VIKTORYA,F,20,0
XIAOHONG,F,20,0
YELIZ,F,20,2
YUI,F,20,3
ZDEŇKA,F,20,0
ZENISŁAWA,F,20,2
ZHULIETA,F,20,0
ZHUZHUNA,F,20,0
ZILAN,F,20,7
ZLATASLAVA,F,20,0
ZOLA,F,20,3
ZSUZSA,F,20,2
PIOTR,M,682516,602066
KRZYSZTOF,M,631898,330037
TOMASZ,M,533217,253734
ANDRZEJ,M,513749,403006
PAWEŁ,M,502076,397738
MICHAŁ,M,492326,235590
JAN,M,462503,634330
MARCIN,M,447274,190111
JAKUB,M,433692,138606
ADAM,M,400572,278561
ŁUKASZ,M,382274,174400
MATEUSZ,M,377592,121960
GRZEGORZ,M,369675,195383
MAREK,M,369240,247987
STANISŁAW,M,348827,442251
WOJCIECH,M,335544,188899
MARIUSZ,M,283705,98736
DARIUSZ,M,279482,89878
MACIEJ,M,267055,109155
RAFAŁ,M,260326,97360
ROBERT,M,256984,129273
KAMIL,M,251233,70625
ZBIGNIEW,M,249852,131935
SZYMON,M,244928,62710
DAWID,M,239942,65722
KACPER,M,232125,40337
JACEK,M,227193,124783
JERZY,M,222479,194715
BARTOSZ,M,205155,29088
ARTUR,M,198335,70211
RYSZARD,M,189300,122349
JÓZEF,M,188007,375993
JAROSŁAW,M,187945,58134
TADEUSZ,M,186094,163628
SEBASTIAN,M,186060,85303
DAMIAN,M,183835,52831
SŁAWOMIR,M,180911,60747
PATRYK,M,180227,53584
ANTONI,M,176680,149099
FILIP,M,176647,34098
ROMAN,M,174380,86315
MIROSŁAW,M,173239,67701
JANUSZ,M,173146,106963
DANIEL,M,171875,62933
KAROL,M,165804,105489
PRZEMYSŁAW,M,165034,45628
ALEKSANDER,M,162886,89126
HENRYK,M,150311,117343
ADRIAN,M,149545,33606
MIKOŁAJ,M,141540,61083
FRANCISZEK,M,140919,144180
DOMINIK,M,136511,58155
KAZIMIERZ,M,132529,161856
ARKADIUSZ,M,132300,39230
WIESŁAW,M,130136,57271
BARTŁOMIEJ,M,126070,35319
OLEKSANDR,M,125101,69
MARIAN,M,119087,142644
WIKTOR,M,117927,46794
KRYSTIAN,M,111177,32878
LESZEK,M,108443,52292
RADOSŁAW,M,103469,22367
WALDEMAR,M,102455,46809
IGOR,M,96334,10800
HUBERT,M,90837,23814
BOGDAN,M,90620,49908
KONRAD,M,90371,43047
ZDZISŁAW,M,85323,49518
MARCEL,M,82940,8018
OSKAR,M,80957,13529
NIKODEM,M,77519,8469
ANDRII,M,76997,35
SERHII,M,75368,11
MAKSYMILIAN,M,75322,31652
EDWARD,M,72934,67770
MIECZYSŁAW,M,69281,61361
LEON,M,68916,25803
MIŁOSZ,M,68195,9996
VOLODYMYR,M,68005,55
DMYTRO,M,64716,47
WŁADYSŁAW,M,64365,98173
OLIWIER,M,62181,7905
IVAN,M,59847,413
CZESŁAW,M,59053,50129
IRENEUSZ,M,57371,27537
BOGUSŁAW,M,56772,34479
MAKSYM,M,56024,961
EUGENIUSZ,M,55466,38456
WITOLD,M,54261,28905
ALAN,M,53215,6141
IGNACY,M,52801,23036
SYLWESTER,M,52342,41997
STEFAN,M,52091,69756
CEZARY,M,48176,17679
GABRIEL,M,47622,22766
ZYGMUNT,M,46240,44746
MYKOLA,M,45767,43
JULIAN,M,45069,22436
TYMON,M,43886,2124
WŁODZIMIERZ,M,43304,28056
VITALII,M,41837,10
TYMOTEUSZ,M,40741,4785
VLADYSLAV,M,39812,20
YURII,M,39694,34
NORBERT,M,39260,15633
MYKHAILO,M,39187,28
ZENON,M,38796,23251
IHOR,M,38628,14
VASYL,M,38264,32
ARTEM,M,37563,43
FABIAN,M,36577,5490
OLEH,M,35360,13
BŁAŻEJ,M,33134,11430
BOHDAN,M,31873,2006
VIKTOR,M,31027,394
ERYK,M,30264,8204
EMIL,M,29681,12347
OLEKSII,M,27444,13
DENYS,M,27077,13
NATAN,M,24924,2701
RUSLAN,M,23382,17
KSAWERY,M,23269,5543
BORYS,M,21899,2868
LECH,M,21602,13559
YAROSLAV,M,21545,15
PAVLO,M,20764,34
ALIAKSANDR,M,20378,3
OLAF,M,19961,3758
WACŁAW,M,19710,24393
BRONISŁAW,M,19427,27053
REMIGIUSZ,M,19397,5949
KAJETAN,M,19037,5425
VADYM,M,18973,6
BRUNO,M,18543,2634
KUBA,M,17658,2112
ANDREI,M,17527,120
ANATOLII,M,17411,5
BERNARD,M,16769,18311
BOLESŁAW,M,16700,24085
ILLIA,M,16209,13
ANTON,M,15773,401
YEVHEN,M,15744,4
TOBIASZ,M,15640,2771
DAVID,M,15571,4658
ALBERT,M,15344,7619
NAZAR,M,14737,26
ALEXANDER,M,14677,5367
GRACJAN,M,14460,3191
PETRO,M,14333,22
LUCJAN,M,14298,13172
YEVHENII,M,14287,5
SIARHEI,M,14263,2
SEWERYN,M,13918,9986
DZMITRY,M,13744,2
EDMUND,M,13594,14314
STANISLAV,M,13556,55
KORNEL,M,13263,2507
DANYLO,M,13127,8
ROMUALD,M,12920,7818
OLIVIER,M,12891,1386
VALERII,M,12791,5
SZCZEPAN,M,12675,27296
MARK,M,12364,1137
TARAS,M,12239,25
ALEX,M,11985,1320
ERNEST,M,11465,5280
KOSTIANTYN,M,11300,7
JOACHIM,M,10818,7774
VIACHESLAV,M,10570,4
JĘDRZEJ,M,10349,2278
ALFRED,M,10323,7247
TEODOR,M,10273,8169
LEONARD,M,10239,6011
LUDWIK,M,9968,18762
FELIKS,M,9930,15732
MILAN,M,9825,870
LESŁAW,M,9782,4985
BOGUMIŁ,M,9688,10093
NIKITA,M,9443,50
KYRYLO,M,9395,2
OLIVER,M,9280,1425
GERARD,M,9185,7686
DANIIL,M,9163,10
JULIUSZ,M,9074,6621
PAVEL,M,9013,47
DENIS,M,9000,1205
MYKYTA,M,8998,5
YEHOR,M,8956,2
ALEKS,M,8846,1079
MATVII,M,8725,10
MAKSIM,M,8271,24
MICHAEL,M,8231,3910
DORIAN,M,8215,1370
ALIAKSEI,M,8142,0
MARTIN,M,8101,2377
OLEG,M,7903,181
NATANIEL,M,7858,1253
VALENTYN,M,7850,11
STEPAN,M,7724,19
KLAUDIUSZ,M,7668,3485
MIESZKO,M,7552,1843
GUSTAW,M,7470,3724
SAMUEL,M,7432,2730
KONSTANTY,M,7385,6052
TYMOFII,M,7148,3
GIORGI,M,6893,12
ROSTYSLAV,M,6839,7
DAVYD,M,6820,13
CYPRIAN,M,6675,3805
LEO,M,6578,949
EDUARD,M,6550,128
YAUHENI,M,6405,0
ALOJZY,M,6399,11185
FLORIAN,M,6300,7152
BRAJAN,M,6153,713
SERGII,M,5975,0
KEVIN,M,5957,806
BENEDYKT,M,5933,7795
NAZARII,M,5914,4
RAJMUND,M,5778,3939
ULADZIMIR,M,5626,0
VITALI,M,5546,24
YURY,M,5514,0
IWO,M,5508,1798
VICTOR,M,5489,905
LEONID,M,5335,38
MIKHAIL,M,5238,15
BENIAMIN,M,5186,2501
KORDIAN,M,5068,1135
TYMUR,M,5024,3
JEREMI,M,5019,1466
MARCELI,M,4979,2982
ARIEL,M,4935,1696
SVIATOSLAV,M,4905,18
MAXIMILIAN,M,4895,948
ULADZISLAU,M,4875,0
FRYDERYK,M,4722,3810
RUDOLF,M,4691,3683
IHAR,M,4656,0
ALEKSY,M,4655,1935
THOMAS,M,4652,2316
ANDRIY,M,4626,8
PATRICK,M,4487,1551
OSCAR,M,4445,623
WINCENTY,M,4435,11142
DZIANIS,M,4432,0
HIERONIM,M,4328,3702
ERWIN,M,4303,1752
ALEH,M,4294,0
ROLAND,M,4195,1713
MIKALAI,M,4172,0
SERGIUSZ,M,4112,2007
VIKTAR,M,4029,0
NICOLAS,M,3944,905
AMADEUSZ,M,3885,2177
OLGIERD,M,3873,2003
ARTSIOM,M,3776,0
ZYGFRYD,M,3743,1881
HENNADII,M,3619,0
PETER,M,3594,2614
MAURYCY,M,3558,1890
MAKAR,M,3522,6
RAMAN,M,3464,13
ZAKHAR,M,3432,3
EMILIAN,M,3416,1469
OLIWER,M,3301,772
HRYHORII,M,3298,6
VADZIM,M,3289,0
MIKITA,M,3273,2
KEWIN,M,3257,548
ILYA,M,3242,8
ARSEN,M,3186,45
ION,M,3186,24
BENJAMIN,M,3179,964
VLADIMIR,M,3168,68
MYROSLAV,M,3068,3
NATHAN,M,3054,423
JACOB,M,3038,995
BRUNON,M,3020,3187
YURIY,M,3017,7
IURII,M,3011,2
WALENTY,M,2985,9165
CHRISTIAN,M,2979,1086
HUGO,M,2926,778
ARNOLD,M,2919,1394
JEREMIASZ,M,2916,778
KIRYL,M,2896,2
AUGUSTYN,M,2864,6583
MAX,M,2855,716
ALEKSANDR,M,2825,32
ALEXANDR,M,2808,5
LEOPOLD,M,2795,3143
DANYIL,M,2771,0
SERGHEI,M,2758,0
OKTAWIAN,M,2737,1120
MARKO,M,2731,97
VALERY,M,2706,6
HLIB,M,2651,0
TIMUR,M,2562,33
LEV,M,2561,47
JOHN,M,2538,3307
PAUL,M,2527,2723
EMANUEL,M,2519,3789
KIRIL,M,2518,6
YAN,M,2508,54
HERBERT,M,2503,1336
ALI,M,2487,885
ANATOL,M,2482,719
MATTHEW,M,2459,732
MIRON,M,2459,671
OREST,M,2447,211
LIUBOMYR,M,2427,8
KORNELIUSZ,M,2426,812
JONASZ,M,2421,709
ANTHONY,M,2410,1673
JUAN,M,2410,147
VLADISLAV,M,2394,6
ARON,M,2379,664
WILHELM,M,2358,3536
XAVIER,M,2343,429
NIKOLAS,M,2339,398
JONATAN,M,2333,700
EDWIN,M,2321,1183
ALBIN,M,2318,2622
LIAM,M,2307,367
MOHAMED,M,2294,587
DAVIT,M,2293,2
KASPER,M,2264,988
CHRISTOPHER,M,2256,1457
ADOLF,M,2226,2053
VINCENT,M,2198,822
MAXIM,M,2195,63
WALTER,M,2195,1614
ARSENII,M,2167,0
PHILIP,M,2160,571
HEORHII,M,2143,4
MIHAIL,M,2134,14
ZIEMOWIT,M,2130,1344
DAMIR,M,2121,15
ANDREAS,M,2101,1024
TYTUS,M,2101,1247
MANFRED,M,2096,654
VITALIY,M,2091,4
KRYSPIN,M,2086,799
MYKHAYLO,M,2085,6
RAFAEL,M,2071,1030
JONATHAN,M,2060,493
JOSE,M,2060,1338
LUIS,M,2050,923
OSTAP,M,2027,13
HELMUT,M,2012,718
MARCO,M,2002,297
MAKS,M,1987,468
MUHAMMAD,M,1948,148
ANATOLI,M,1947,13
LUKA,M,1939,89
CARLOS,M,1933,983
VIACHASLAU,M,1933,0
FEDIR,M,1922,2
ALFONS,M,1920,2098
YAHOR,M,1918,0
ALEXANDRU,M,1916,86
WILLIAM,M,1904,1641
SERGIY,M,1901,3
VADIM,M,1898,24
SIMON,M,1896,558
LEONARDO,M,1894,427
RICHARD,M,1887,1498
WERNER,M,1845,900
KSAWIER,M,1842,252
GINTER,M,1839,730
VASILI,M,1817,0
SERHIY,M,1816,2
DEMIAN,M,1813,23
IRAKLI,M,1813,0
MEHMET,M,1806,96
NICHOLAS,M,1768,606
LUCAS,M,1753,566
TEOFIL,M,1748,3614
ANTONIO,M,1747,1641
ERIK,M,1747,340
KANSTANTSIN,M,1746,0
DIEGO,M,1709,282
PATRYCJUSZ,M,1699,768
MYRON,M,1684,8
BRIAN,M,1674,373
DMITRII,M,1663,0
JAMES,M,1635,2756
ELIASZ,M,1623,810
STANISLAU,M,1621,3
DANIL,M,1588,4
VASILE,M,1586,41
KYRYL,M,1569,0
RUSTAM,M,1563,3
AHMED,M,1562,571
ANDREW,M,1554,1562
LUKAS,M,1550,604
MOHAMMAD,M,1546,118
ERIC,M,1533,425
LECHOSŁAW,M,1514,672
KLEMENS,M,1511,2833
KASJAN,M,1496,283
WALERIAN,M,1483,2229
KOSMA,M,1476,1002
NICOLAE,M,1476,60
SERGEI,M,1474,6
AARON,M,1455,424
AMIR,M,1438,122
JOSEPH,M,1431,2629
CRISTIAN,M,1426,132
FRANK,M,1399,473
ROCH,M,1397,3156
NOAH,M,1388,370
DENNIS,M,1384,196
ARTHUR,M,1381,605
MUSTAFA,M,1374,166
MARKUS,M,1369,414
ILIA,M,1367,12
DOMINIC,M,1341,287
SEMEN,M,1338,13
LASHA,M,1333,0
YAUHEN,M,1331,0
WAWRZYNIEC,M,1327,4723
HERMAN,M,1325,582
LEVAN,M,1325,0
SERGEY,M,1322,4
PLATON,M,1305,6
DUMITRU,M,1290,26
MARIO,M,1286,579
OMAR,M,1278,264
JACENTY,M,1275,1216
SERGIU,M,1274,3
JAROMIR,M,1271,566
HENRY,M,1265,971
SAMIR,M,1264,150
LONGIN,M,1258,1135
LUCA,M,1247,211
HORST,M,1243,462
RODION,M,1243,3
GHEORGHE,M,1234,32
BRAYAN,M,1230,102
MANUEL,M,1228,1367
FERDYNAND,M,1220,1325
MOHAMMED,M,1218,266
RADOMIR,M,1205,429
JORGE,M,1197,316
KIRILL,M,1186,5
MATTEO,M,1145,124
AHMET,M,1134,65
DIONIZY,M,1130,1096
JORDAN,M,1130,484
JOSHUA,M,1127,340
FELIX,M,1124,389
GEORGE,M,1119,937
OLEKSIY,M,1117,4
RYAN,M,1105,302
ROGER,M,1099,678
HENADZI,M,1094,0
CONSTANTIN,M,1088,106
FRANCESCO,M,1085,222
EDGAR,M,1083,460
ZURAB,M,1083,0
NIKA,M,1080,0
IAN,M,1076,388
NICOLAI,M,1076,27
MAMUKA,M,1075,0
IEVGEN,M,1069,0
ELIGIUSZ,M,1065,936
ANATOLIY,M,1057,0
GERHARD,M,1057,559
PASCAL,M,1056,352
NATHANIEL,M,1053,185
WIT,M,1047,1254
ALEKSEI,M,1044,2
KAI,M,1044,189
ZAZA,M,1039,3
VALENTIN,M,1034,197
ALESSANDRO,M,1029,118
ŁUCJAN,M,1027,1317
ANDREY,M,1025,64
KONSTANTIN,M,1018,77
MIGUEL,M,1014,995
IZYDOR,M,1003,2607
ROBERTO,M,998,304
EWALD,M,997,528
ALEXANDRE,M,988,420
GOCHA,M,983,0
IVO,M,983,176
ALEKSANDRE,M,982,4
ALLAN,M,975,210
BRYAN,M,975,137
ALEJANDRO,M,964,1088
PABLO,M,964,438
BORIS,M,962,73
RICARDO,M,956,402
MURAT,M,950,66
ZACHARY,M,947,179
DMYTRII,M,946,0
BEKA,M,943,0
KARIM,M,941,180
MARKIIAN,M,940,3
DMITRI,M,934,3
AUGUST,M,933,1880
EGOR,M,921,0
VEACESLAV,M,920,0
GNIEWOMIR,M,919,290
ALEXEI,M,917,8
IBRAHIM,M,915,317
JAKOB,M,914,266
SERGIO,M,913,126
IAROSLAV,M,911,0
DMITRY,M,906,6
PEDRO,M,901,269
MICHAL,M,890,440
HASAN,M,878,134
KRISTIAN,M,871,159
ELDAR,M,870,5
ZBYSŁAW,M,865,381
COLIN,M,864,161
ANDRES,M,860,1804
CYRYL,M,859,796
VALERIY,M,856,2
HLEB,M,855,0
JOEL,M,855,310
BAZYLI,M,852,681
VSEVOLOD,M,844,0
SANTIAGO,M,838,340
ARTSEM,M,829,0
KLAUS,M,829,326
JUSTIN,M,825,193
ANDREA,M,823,107
RUBEN,M,823,188
EDUARDO,M,821,858
JAVIER,M,821,998
VITALIE,M,821,0
VALIANTSIN,M,814,0
MATVIY,M,813,3
WOLFGANG,M,813,433
DAN,M,812,97
LEANID,M,805,0
TOM,M,801,120
MAXYMILIAN,M,793,167
DYLAN,M,788,121
PETR,M,788,11
FRANCISCO,M,786,394
RONALD,M,786,304
PHILIPP,M,785,157
IWAN,M,783,151
TEO,M,783,91
AMIT,M,782,24
BOGUSZ,M,781,454
FERNANDO,M,780,775
MATTHIAS,M,777,200
ALBERTO,M,770,1219
TORNIKE,M,770,0
DYMITR,M,769,310
DAVITI,M,768,0
EMMANUEL,M,767,453
TOBIAS,M,761,177
RENAT,M,760,6
YARASLAU,M,756,0
GUY,M,755,100
GIUSEPPE,M,745,170
FABIO,M,743,84
TIMOTHY,M,743,187
YUSUF,M,739,98
TRISTAN,M,737,197
AURELIUSZ,M,728,780
GELA,M,728,0
ARMEN,M,727,21
MD,M,721,4
ISMAIL,M,720,98
NIKOLOZ,M,719,0
AHMAD,M,718,228
ETHAN,M,713,156
PETRU,M,713,24
STEVEN,M,708,423
TSIMAFEI,M,708,0
LOUIS,M,707,466
BARTEK,M,706,162
LUBOMIR,M,706,537
THEO,M,703,104
HANS,M,701,261
MARCUS,M,700,231
ABDUL,M,699,99
KASPIAN,M,699,116
JEAN,M,698,578
ZBYSZEK,M,698,391
GIOVANNI,M,697,195
AXEL,M,693,215
MIROSLAV,M,693,25
TOMAS,M,693,183
ARMIN,M,685,190
CHARLES,M,683,754
ALEXEY,M,681,0
ANGELO,M,677,322
CHRISTOPH,M,677,340
FEDERICO,M,677,118
NOEL,M,676,231
MARC,M,675,273
DONAT,M,667,487
MIKHEIL,M,667,0
DANILO,M,666,67
NESTOR,M,663,136
MARAT,M,661,3
IURIE,M,659,0
MUHAMMED,M,659,30
JASON,M,658,227
JACK,M,657,325
LEVANI,M,657,0
WINCENT,M,653,182
GNIEWKO,M,650,320
NIKOLAI,M,650,46
BONIFACY,M,648,1014
OMER,M,642,25
VALERIU,M,641,2
MATSVEI,M,638,0
NICO,M,638,80
ZACHARIASZ,M,628,423
MICHEL,M,627,475
CASPER,M,624,90
KURT,M,624,394
LORENZO,M,619,109
EVGENII,M,618,0
VASIL,M,617,5
DIETER,M,615,454
KARL,M,615,465
MIKE,M,615,112
STEPHEN,M,615,357
DAVIDE,M,610,46
JOSEF,M,608,1278
ARKADII,M,607,0
ELIAS,M,605,325
SHOTA,M,604,0
GLEB,M,603,5
FRANEK,M,598,85
PATRIK,M,598,125
YEVGEN,M,598,0
ARTIOM,M,596,5
ALISHER,M,594,0
MATEO,M,594,124
NIKO,M,593,84
RAYAN,M,589,50
YAKIV,M,587,0
ARSENI,M,586,3
DANILA,M,583,0
EMRE,M,582,302
JOHANNES,M,577,732
KOBA,M,575,0
PAATA,M,574,0
BEN,M,567,88
ROBIN,M,566,147
GUSTAVO,M,561,205
ÖMER,M,560,23
ANATOLIE,M,558,0
ABDULLAH,M,553,110
CHRYSTIAN,M,551,291
MARIUS,M,550,189
KAREN,M,548,8
NIKOLAY,M,546,9
LUKIAN,M,544,2
ZBYSZKO,M,543,312
ELVIN,M,541,3
JURIJ,M,541,31
MARCELO,M,539,170
ALON,M,538,17
EUZEBIUSZ,M,536,746
VALERI,M,536,0
FELICJAN,M,535,545
ARMAN,M,532,31
LEW,M,530,630
DIMITRI,M,529,30
HARALD,M,529,177
VYACHESLAV,M,529,0
ILLYA,M,527,0
BASTIAN,M,525,114
OLEKSANDER,M,524,3
YEGOR,M,522,0
HORDII,M,520,0
ANDRIAN,M,519,2
AVTANDIL,M,519,0
ANDRÉ,M,518,401
BENON,M,517,418
GIA,M,516,7
GEORG,M,515,551
MICHELE,M,515,66
ARTEMII,M,513,0
BRANDON,M,513,144
HERONIM,M,511,478
JESUS,M,509,297
JONAS,M,508,110
MALKHAZ,M,506,0
SHALVA,M,505,0
VENIAMIN,M,505,0
GREGORY,M,504,326
YOSYP,M,504,3
EMIR,M,502,76
RAUL,M,502,150
KRZESIMIR,M,501,255
PAOLO,M,498,166
IEVGENII,M,496,0
ROY,M,496,148
TEMUR,M,494,3
IDO,M,493,3
YUVAL,M,492,7
PHILIPPE,M,491,238
HLIEB,M,488,0
JOSÉ,M,488,447
VIOREL,M,487,15
WALERY,M,487,334
SEAN,M,486,190
JAROSLAV,M,484,10
MARTYN,M,483,93
HARRY,M,482,251
TYCJAN,M,481,276
TOMÁŠ,M,477,4
RODRIGO,M,476,114
FELIPE,M,473,621
ZURABI,M,472,0
JHON,M,469,11
GEORGIOS,M,462,67
GIGA,M,461,0
LARS,M,461,112
NOAM,M,460,18
RAMIN,M,460,5
ALİ,M,459,105
CLAUDIO,M,459,89
IURI,M,459,2
OSMAN,M,458,73
ZVIAD,M,457,0
JUSTYN,M,456,560
TEIMURAZ,M,456,0
RAPHAEL,M,455,172
MAKARY,M,454,334
MARIN,M,451,22
YULIAN,M,450,8
GENNADII,M,449,0
ORKHAN,M,449,0
WITALIJ,M,449,10
TOMER,M,448,3
DMITRIY,M,447,0
SVEN,M,447,82
BADRI,M,446,2
PHILLIP,M,444,159
DMITRO,M,442,0
ANAR,M,440,2
MERT,M,440,170
NARCYZ,M,440,568
ISLAM,M,439,94
SAMBOR,M,439,198
MURAD,M,438,14
YOAV,M,438,9
HAMZA,M,436,48
MIHAI,M,436,60
ONUR,M,436,66
VASILII,M,436,0
ANIL,M,435,74
KAKHABER,M,435,0
EYAL,M,434,12
NOE,M,434,214
OTTO,M,433,511
RAMAZAN,M,433,15
SIMONE,M,433,33
JURAND,M,432,302
TIM,M,431,52
WIACZESŁAW,M,431,15
RAMIL,M,429,3
WADIM,M,429,94
SERAFIN,M,428,352
ZINOVII,M,428,0
ELNUR,M,427,0
BARYS,M,424,0
BURAK,M,424,120
CEZARIUSZ,M,424,141
ALEKSANDAR,M,422,8
JANUARY,M,421,378
MAXIME,M,421,71
RAJNOLD,M,421,177
HILARY,M,420,430
STEFANO,M,420,42
ANGEL,M,418,529
DENIZ,M,417,93
TAMAZ,M,417,0
HEINZ,M,416,391
FARID,M,415,50
ITAY,M,415,6
PIERRE,M,415,522
KAKHA,M,413,0
NIKOLA,M,412,39
XAWERY,M,411,159
AZAMAT,M,408,0
REINHOLD,M,407,181
FRANCIS,M,406,634
JOHAN,M,406,210
JOÃO,M,404,67
DARIUS,M,403,133
JEFFREY,M,403,82
ARTOM,M,402,0
JEREMY,M,402,113
RICCARDO,M,402,37
OKTAWIUSZ,M,401,230
KHVICHA,M,399,0
GRIGORE,M,397,5
VLADIMER,M,397,0
ZAUR,M,397,0
ABRAHAM,M,396,218
ZAKHARII,M,396,0
USTYM,M,394,0
AKAKI,M,393,0
ANTONY,M,393,171
MAHMOUD,M,393,122
STANISLAW,M,393,640
TSIMUR,M,393,0
MATHIAS,M,392,132
VITAL,M,392,5
ALEK,M,391,62
AZIZ,M,391,67
KOSTYANTYN,M,391,0
MARCOS,M,391,82
OLEK,M,391,51
TYKHON,M,391,0
SAVELII,M,390,0
STSIAPAN,M,390,0
ANDRE,M,389,302
SAMI,M,389,85
ANTOINE,M,387,199
NORMAN,M,387,215
SABA,M,386,0
ALVARO,M,385,47
EUGENIU,M,385,0
RAHUL,M,385,22
ULUGBEK,M,385,0
KAMAL,M,384,68
THEODORE,M,384,111
EVGHENI,M,383,0
ARIAN,M,382,65
DARIO,M,381,262
MATIAS,M,381,144
GIVI,M,380,0
TAL,M,379,8
JUREK,M,378,222
ORI,M,378,7
ASLAN,M,377,30
MUHAMMET,M,377,10
SANDRO,M,377,45
VĂN,M,377,108
GABRIELE,M,376,33
JAIME,M,376,67
YUNUS,M,375,21
HEORHI,M,374,0
LUKE,M,373,193
ROMEO,M,373,119
TYMOFIY,M,372,0
TURAL,M,371,0
ELCHIN,M,370,0
RINAT,M,370,0
FIODAR,M,369,0
NURLAN,M,369,0
ROSTISLAV,M,369,2
TENGIZ,M,369,0
SYLWERIUSZ,M,368,230
CONRAD,M,367,170
WIEŃCZYSŁAW,M,367,286
GILBERT,M,365,173
SAID,M,365,94
TYBERIUSZ,M,365,226
IDZI,M,364,856
RYHOR,M,364,0
GWIDON,M,363,373
ANDREJ,M,361,29
JENS,M,361,46
MERAB,M,361,0
ISAAC,M,360,245
MOHAMAD,M,360,36
RAMAZ,M,360,0
DOBROMIR,M,359,344
MUSA,M,359,32
KONSTANTYN,M,357,106
ENGELBERT,M,356,170
HAKAN,M,356,55
PAULO,M,356,125
YOUSSEF,M,356,56
ANDRIJ,M,355,11
DMITRIJ,M,355,10
GURAM,M,355,0
DANIELE,M,353,30
EWARYST,M,353,315
FIODOR,M,350,23
DITER,M,349,131
GERMAN,M,348,57
AMIRAN,M,345,0
REINHARD,M,345,74
ISTVÁN,M,344,51
JULIO,M,344,83
MOSHE,M,342,277
WASYL,M,342,73
GHENADIE,M,340,0
GREGOR,M,340,247
EMIN,M,339,60
ZENOBIUSZ,M,339,240
JÜRGEN,M,336,269
NATANAEL,M,336,108
VAKHTANG,M,336,0
EVGHENII,M,335,0
ARMAND,M,334,172
HASSAN,M,333,191
RAJNARD,M,333,54
JOHANN,M,332,440
MAURICIO,M,332,270
RON,M,332,24
EUGEN,M,331,94
ISRAEL,M,331,179
STANLEY,M,331,445
BESIK,M,330,0
NADAV,M,330,6
YEVGENIY,M,330,0
AZIZBEK,M,329,0
RALF,M,329,68
DANYL,M,328,0
BAHDAN,M,327,0
JOZEF,M,327,651
WITALIS,M,327,184
KRYSTYN,M,326,278
TADEI,M,326,6
EVGENY,M,325,0
GEORGII,M,325,0
NELSON,M,325,71
RAMESH,M,325,47
GEORGI,M,323,20
IHNAT,M,323,0
MASSIMO,M,323,48
RADU,M,323,10
DEEPAK,M,321,29
GLIB,M,321,0
NICOLÁS,M,320,147
SALVATORE,M,320,101
JULIEN,M,319,141
RAJESH,M,319,36
İBRAHİM,M,319,63
APOLINARY,M,318,518
CESAR,M,318,218
KONSTANTINOS,M,318,38
SERDAR,M,318,23
ARMANDO,M,317,284
MIKOLAJ,M,317,154
ZAHAR,M,317,3
FLORIN,M,316,59
GNIEWOSZ,M,316,137
MANOJ,M,316,21
MILO,M,316,51
NODAR,M,315,0
HEKTOR,M,314,149
OMRI,M,314,3
RADEK,M,314,85
NIKOLAOS,M,312,41
VLAD,M,312,12
FURKAN,M,311,123
ENES,M,310,67
KAJ,M,310,77
GOGA,M,309,0
SHERZOD,M,309,0
VUSAL,M,309,0
NIR,M,308,6
SANTOSH,M,308,23
HÜSEYİN,M,307,29
RUFIN,M,307,314
SYLWIUSZ,M,307,150
MARLON,M,306,29
GAL,M,305,8
MAURO,M,305,34
PRAKASH,M,305,108
SIERGIEJ,M,305,9
DIMITRIOS,M,304,32
IVANE,M,304,0
NICHITA,M,304,0
NICOLA,M,304,55
ARAM,M,303,35
CHARLIE,M,303,52
KENNETH,M,303,183
LOGAN,M,303,100
VINCENZO,M,303,54
WINICJUSZ,M,303,315
MARVIN,M,302,38
OSWALD,M,302,275
DILSHOD,M,301,0
ENRICO,M,301,47
KRISHNA,M,301,152
LUDOMIR,M,301,407
SUNIL,M,300,30
CARLO,M,299,115
ADEM,M,298,31
CHRISTOPHE,M,298,149
LUIGI,M,298,97
JAREMA,M,297,330
THEODOR,M,297,124
ILIE,M,296,13
KAMRAN,M,295,12
KANAN,M,295,0
RASHAD,M,295,7
ALESSIO,M,294,27
TUDOR,M,294,9
UWE,M,294,112
DARII,M,293,0
IOANNIS,M,293,23
OLES,M,293,0
PIETRO,M,293,62
PYLYP,M,292,0
RENE,M,292,237
DASTIN,M,291,36
MATVEY,M,291,0
BERND,M,289,105
IMRAN,M,289,45
SERGO,M,289,0
IGNACIO,M,288,339
TIGRAN,M,288,11
VAN,M,288,39
ADIL,M,287,25
DIRK,M,287,78
GUILLERMO,M,287,164
KHALED,M,286,77
URI,M,286,14
YELYSEI,M,286,0
ARCHIL,M,285,0
ELSHAN,M,285,0
GORAN,M,285,46
MAGOMED,M,284,8
MARYAN,M,283,0
NUGZAR,M,283,0
ADNAN,M,282,61
CHRISTOS,M,282,36
ENRIQUE,M,282,974
OTAR,M,282,0
ZVIADI,M,282,0
AMIN,M,280,89
EMILIO,M,280,167
YONATAN,M,279,13
DATO,M,277,0
JÖRG,M,277,67
MARSEL,M,277,14
SVYATOSLAV,M,277,0
WOJTEK,M,276,114
HECTOR,M,275,45
ARUN,M,274,32
ENZO,M,274,82
RAMI,M,274,40
TIAGO,M,274,48
ARJUN,M,273,22
EVAN,M,273,81
STEPHAN,M,273,96
LIOR,M,272,17
YAREMA,M,272,3
IDAN,M,271,10
BERNHARD,M,269,179
FRANCO,M,269,65
ILAN,M,269,23
WITOSŁAW,M,269,124
ALEXIS,M,268,242
ASHOT,M,268,6
KEMAL,M,268,99
KILIAN,M,268,64
MATTIA,M,268,21
VUGAR,M,268,0
ILIAS,M,267,18
SERKAN,M,267,25
ITAMAR,M,266,11
IULIAN,M,266,31
BRAIAN,M,265,41
GAWEŁ,M,265,152
LUCIANO,M,265,78
RASIM,M,265,5
AMBROŻY,M,264,585
JABA,M,264,0
AKIM,M,263,9
BILAL,M,263,44
JÁNOS,M,263,38
TARIEL,M,263,0
IOSEB,M,262,0
JULIUS,M,262,120
FRANZ,M,261,398
PAWEL,M,261,485
ALEKSI,M,259,23
MATHIEU,M,259,62
MIKAEL,M,259,160
REVAZ,M,259,0
YURI,M,259,6
BAKHTIYOR,M,258,0
GERALD,M,258,163
IOAN,M,258,76
OTABEK,M,258,0
SERAFYM,M,258,0
VAZHA,M,257,0
GRYGORII,M,256,0
RENÉ,M,256,141
ALEKSANDRS,M,255,2
IBRAGIM,M,255,2
MEDARD,M,255,307
RAINER,M,255,99
GUIDO,M,254,55
SAMVEL,M,254,4
TEMURI,M,254,0
VALENTINO,M,254,97
APOLONIUSZ,M,253,378
MAIK,M,253,38
HIPOLIT,M,252,584
TIMOFEI,M,252,0
TONY,M,252,70
HENRIK,M,250,155
JONI,M,250,4
GUSTAV,M,249,147
LILIAN,M,249,9
MANUCHAR,M,249,0
JAKHONGIR,M,248,0
SANDEEP,M,248,14
ZAKARIA,M,248,34
ABEL,M,247,101
ARTYOM,M,247,0
BERNARDO,M,247,91
ASAF,M,246,17
GOGITA,M,246,0
LEU,M,246,0
NIJAT,M,246,0
GÜNTER,M,245,183
HEINRICH,M,245,323
KONSTIANTYN,M,245,0
MALIK,M,245,72
MATVEI,M,245,0
OR,M,245,20
RAM,M,245,146
DINESH,M,244,19
GENNADIY,M,243,0
KHALID,M,243,43
MAXIMILLIAN,M,243,52
NUKRI,M,243,0
SYED,M,243,21
TOMMY,M,243,34
UMAR,M,243,20
CARL,M,242,129
NAZARIY,M,242,0
THIAGO,M,242,20
YASIN,M,242,49
AKHMED,M,241,3
SAGAR,M,241,14
ILGAR,M,240,0
ADRIANO,M,239,44
GEVORG,M,239,4
GÖKHAN,M,239,25
MAGNUS,M,239,198
MIKHEILI,M,239,0
TOMÁS,M,239,52
RENATO,M,238,57
TIMOFEY,M,238,0
ABHISHEK,M,237,11
GANESH,M,237,27
SCOTT,M,236,281
DOMENICO,M,235,47
FATİH,M,235,43
FREDERICK,M,235,185
MICHAIL,M,235,23
ALEKSEY,M,234,5
CAN,M,234,556
ORHAN,M,234,29
SOLOMON,M,234,69
OYBEK,M,233,0
SIAMION,M,233,0
SOBIESŁAW,M,233,353
UMUT,M,233,30
BESIKI,M,232,0
IOSIF,M,232,17
MANSUR,M,232,12
ORLANDO,M,232,179
ISA,M,231,15
LAURENT,M,231,106
OTARI,M,231,2
RAN,M,231,12
FARRUKH,M,230,0
LYUBOMYR,M,230,0
ANVAR,M,229,0
EDVARD,M,229,16
JASPER,M,229,48
SHUKHRAT,M,229,0
DOBIESŁAW,M,228,229
DORIN,M,228,9
EREN,M,228,116
RAYMOND,M,228,203
ELGUJA,M,227,0
ERAN,M,227,4
GURAMI,M,227,0
LEANDRO,M,227,112
VLADLEN,M,227,0
ALEXANDROS,M,226,30
ARIF,M,226,46
BAZYL,M,226,25
GIL,M,225,30
KENAN,M,225,15
DONALD,M,224,154
ERICH,M,224,197
ILYAS,M,224,21
KYLE,M,224,56
İSMAİL,M,224,7
AZAT,M,222,6
DANNY,M,222,32
GUILLAUME,M,222,55
RAJAN,M,222,31
ADRIEN,M,220,55
DOBROSŁAW,M,220,259
HENADZ,M,220,0
MINH,M,220,128
TONI,M,220,50
BARIŞ,M,219,30
DAMIEN,M,219,47
MALKHAZI,M,219,0
NIKOLOZI,M,219,0
PASKAL,M,219,67
EVGENIY,M,218,2
MAKARII,M,218,0
SHAMIL,M,218,2
NILS,M,217,53
SURESH,M,217,32
TAMAZI,M,217,0
EITAN,M,216,20
EUGENE,M,216,120
MAHMUT,M,216,7
SALIM,M,216,67
AIDEN,M,215,38
LUCJUSZ,M,215,191
NEIL,M,215,116
TAREK,M,215,43
CHRIS,M,214,91
TIMO,M,214,25
ARI,M,213,44
GRIGORII,M,213,0
MODEST,M,213,263
ATTILA,M,212,64
FILIPPO,M,212,20
MIKHAILO,M,212,0
RADZISŁAW,M,212,92
ULRICH,M,212,119
WILSON,M,212,44
DANTE,M,211,85
EMANUELE,M,211,34
ZORAN,M,211,15
BOŻYDAR,M,210,1306
CAMILO,M,210,434
ELMAR,M,210,13
MIRZA,M,210,15
GIACOMO,M,209,24
MASON,M,209,36
ALAIN,M,208,141
DRAGAN,M,208,18
ISMAEL,M,208,79
LIONEL,M,208,108
MILOŠ,M,208,0
ZENOVII,M,208,0
ARSLAN,M,207,12
ESTEBAN,M,207,338
OCTAVIAN,M,207,25
YAIR,M,207,44
ERHARD,M,206,75
GONZALO,M,206,52
KHASAN,M,206,0
NIKLAS,M,206,48
RAJU,M,206,54
ROVSHAN,M,206,0
SAJMON,M,206,45
AJAY,M,205,10
AVRAHAM,M,205,134
GIANLUCA,M,205,13
MATEI,M,205,15
MYKHAIL,M,205,0
OREN,M,205,7
SŁAWEK,M,205,97
ANDERSON,M,204,56
JAMAL,M,204,79
JIŘÍ,M,204,4
SHAY,M,204,25
ADEL,M,203,71
ELI,M,203,80
FEDOR,M,203,7
MIŁOSŁAW,M,203,138
NIKOS,M,203,55
SURAJ,M,203,2
VISHNU,M,203,13
YANN,M,203,83
ALIM,M,202,8
ELVIS,M,202,56
JAMIE,M,202,47
RADION,M,202,0
RÓBERT,M,202,11
SOSO,M,202,0
AKMAL,M,201,2
RAVI,M,201,24
VITALY,M,201,0
BEKZOD,M,200,0
ELAD,M,200,3
ILKIN,M,200,0
MATE,M,200,5
SERGEJ,M,200,6
SUMAN,M,200,0
GÁBOR,M,199,31
PETAR,M,199,7
WLADYSLAW,M,199,127
ZVI,M,199,105
ASIF,M,198,30
DACJAN,M,198,38
GRIGORI,M,198,0
RASHID,M,198,40
YEVHENIY,M,198,0
BARNABA,M,197,419
CEZAR,M,197,297
DEMYD,M,197,0
KAAN,M,197,138
MATVIEI,M,197,0
CELESTYN,M,196,303
EZEQUIEL,M,196,343
ADI,M,195,43
ANZOR,M,195,0
EMZAR,M,195,0
GUILHERME,M,195,43
JUN,M,195,36
MARIANO,M,195,73
TOMMASO,M,195,17
WEI,M,195,16
KONSTANTINE,M,194,2
ANTEK,M,193,22
FATIH,M,193,48
MATAN,M,193,8
MIRASLAU,M,193,2
SARDORBEK,M,193,0
SEVERYN,M,193,14
GHEORGHI,M,192,0
SERGEJS,M,192,0
MEHDI,M,191,42
ZOLTÁN,M,191,33
FUAD,M,190,9
JANIS,M,190,32
JEGOR,M,190,2
LÁSZLÓ,M,190,53
MUZAFFAR,M,190,3
RASUL,M,190,4
YAKUP,M,190,20
AUREL,M,189,28
GOTFRYD,M,189,118
GENADI,M,188,2
GIORGIO,M,188,36
SANJAY,M,188,48
BAYRAM,M,187,10
DUSTIN,M,187,27
JUAN CARLOS,M,187,0
TAMERLAN,M,187,5
NODARI,M,186,0
STEFFEN,M,186,35
ALFREDO,M,185,233
FERHAT,M,185,11
LUKÁŠ,M,185,4
MAHESH,M,185,32
OLEXANDR,M,185,0
SAMSON,M,185,68
ARIE,M,184,90
AVIV,M,184,9
BAKHODIR,M,184,0
DIMITAR,M,184,5
EMRAH,M,184,5
LUCIAN,M,184,47
SAMUIL,M,184,3
SULTAN,M,184,19
ELLIOT,M,183,72
MAKSAT,M,183,0
ROLF,M,183,60
TIBOR,M,183,38
ARDA,M,182,72
LOTAR,M,182,61
MERABI,M,182,0
OZAN,M,182,41
SELIM,M,182,67
WALID,M,182,34
AKHIL,M,181,3
ASHISH,M,181,14
JÁN,M,181,15
YASSINE,M,181,29
ZACHAR,M,181,4
BATUHAN,M,180,29
DAMAZY,M,180,243
DEAN,M,180,109
DOMINIQUE,M,180,101
MASSIMILIANO,M,180,25
RAFIK,M,180,12
YOSEF,M,180,139
EDHAR,M,179,0
GARY,M,179,55
KIRILO,M,179,0
QUANG,M,179,72
HÜSEYIN,M,178,24
JEMAL,M,178,6
SÉBASTIEN,M,178,45
ZAFAR,M,178,9
ANDREJS,M,177,0
HAYK,M,177,3
MIRKO,M,177,23
NAREK,M,177,0
SPARTAK,M,177,0
ANDY,M,176,65
IMEDA,M,176,0
MINDIA,M,176,0
ROHIT,M,176,11
VISHAL,M,176,11
ANDRANIK,M,175,8
JAROSLAW,M,175,76
RAMIZ,M,175,4
SÜLEYMAN,M,175,7
URBAN,M,175,596
VARDAN,M,175,0
WILLI,M,175,176
AKASH,M,174,11
DOR,M,174,8
SHAHAR,M,174,0
SHLOMO,M,174,106
ARSENIY,M,173,2
JĀNIS,M,173,6
MATVIJ,M,173,0
TAMÁS,M,173,34
DEJAN,M,172,20
GASPAR,M,172,62
JACQUES,M,172,228
JAY,M,172,146
MYKOLAI,M,172,2
NOLAN,M,172,18
SANAN,M,172,0
SERHAT,M,172,20
VAKHTANGI,M,172,0
ABDULAZIZ,M,171,6
DIMA,M,171,7
JAKE,M,171,54
MARTÍN,M,171,109
OFER,M,171,4
SAM,M,171,40
SARKHAN,M,171,0
UĞUR,M,171,20
ALVIN,M,170,21
DAREK,M,170,112
ERICK,M,170,23
LUKASZ,M,170,284
RAFFAELE,M,170,20
UMIDJON,M,170,0
WŁADIMIR,M,170,9
HENDRIK,M,169,123
JAMSHID,M,169,0
JIMMY,M,169,38
KIRAN,M,169,36
SIEGFRIED,M,169,93
ALEN,M,168,25
ALPER,M,168,36
BACHUKI,M,168,0
JAVID,M,168,11
JÓZSEF,M,168,37
SAMET,M,168,23
SVIATASLAU,M,168,0
AKSEL,M,167,82
ANDRÉS,M,167,234
DARIAN,M,167,28
DEREK,M,167,71
BINOD,M,166,0
GABOR,M,166,66
GAGIK,M,166,8
JERRY,M,166,77
LEVON,M,166,3
MAXWELL,M,166,73
THANH,M,166,74
YARON,M,166,4
ARTAK,M,165,6
ASSAF,M,165,3
DORON,M,165,8
FABRIZIO,M,165,21
GERARDO,M,165,84
JOAQUIN,M,165,67
LÉO,M,165,24
NAZIM,M,165,19
ROSHAN,M,165,20
TYMOFIJ,M,165,0
ANIS,M,164,25
ARTSEMI,M,164,0
BISHAL,M,164,0
CHAIM,M,164,55
EGON,M,164,111
HOVHANNES,M,164,3
KIM,M,164,33
MARCELLO,M,164,19
SHMUEL,M,164,111
EREZ,M,163,0
MATÍAS,M,163,53
RAMAZI,M,163,0
TELESFOR,M,163,155
ANAS,M,162,21
DIETMAR,M,162,52
IDRIS,M,162,28
MAXIMILIANO,M,162,70
MIGUEL ANGEL,M,162,4
ÖZGÜR,M,162,30
AKRAM,M,161,20
AMIL,M,161,3
AYDIN,M,161,20
KHALIL,M,161,30
MANISH,M,161,8
MUKHAMMAD,M,161,2
NICK,M,161,34
VOLKAN,M,161,22
AKBAR,M,160,15
FRANÇOIS,M,160,181
ITAI,M,160,6
IZAAK,M,160,161
SERGIEJ,M,160,22
ALEKSIEJ,M,159,6
ASHOK,M,159,47
DEMIR,M,159,11
ERKAN,M,159,8
HALİL,M,159,42
SARDOR,M,159,0
SUJAN,M,159,0
AMINE,M,158,115
DIPAK,M,158,4
ELKHAN,M,158,0
ERNST,M,158,163
JASURBEK,M,158,0
RAUF,M,158,5
BERKAY,M,157,34
VITO,M,157,50
ALIK,M,156,6
DÁVID,M,156,19
FARKHOD,M,156,0
JANEK,M,156,37
LEONIDAS,M,156,52
MARCJAN,M,156,94
PRADEEP,M,156,41
XAWIER,M,156,24
JAIRO,M,155,141
MATHEW,M,155,103
OFIR,M,155,0
PRINCE,M,155,53
PÉTER,M,155,23
RAKESH,M,155,8
RECEP,M,155,7
SANTINO,M,155,45
AMAN,M,154,14
CARSTEN,M,154,29
ELSHAD,M,154,0
ERNESTO,M,154,200
HARI,M,154,17
HAROLD,M,154,57
ILJA,M,154,7
JAREK,M,154,95
RAPHAËL,M,154,44
SASCHA,M,154,29
VALERIAN,M,154,5
YOTAM,M,154,0
ARYAN,M,153,18
JAYSON,M,153,9
RATI,M,153,0
RUSTEM,M,153,0
ANATOLIJ,M,152,13
LOTHAR,M,152,92
NABIL,M,152,40
RAMON,M,152,133
SUREN,M,152,3
VIJAY,M,152,44
HENRI,M,151,208
MATTHIEU,M,151,30
MELCHIOR,M,151,571
SACHIN,M,151,4
TAHIR,M,151,23
TORSTEN,M,151,26
YANIV,M,151,4
ARTURO,M,150,177
CĂTĂLIN,M,150,19
DAMYR,M,150,0
FRÉDÉRIC,M,150,65
GODERDZI,M,150,0
KUMAR,M,150,2590
MATWIJ,M,150,2
RUSŁAN,M,150,24
SALMAN,M,150,23
SAVELI,M,150,0
ANDRES FELIPE,M,149,0
ANDRÁS,M,149,35
ELMIR,M,149,0
JEFFERSON,M,149,14
NODIRBEK,M,149,0
OWEN,M,149,81
PARVIZ,M,149,0
RALPH,M,149,62
YONG,M,149,22
AKSHAY,M,148,6
SÁNDOR,M,148,15
AGUSTIN,M,147,102
AIDAN,M,147,52
ALEC,M,147,26
AMAR,M,147,19
AZAD,M,147,23
ILKHOM,M,147,0
KEREM,M,147,40
YEISON,M,147,2
ABRAM,M,146,20
FLAVIO,M,146,16
HRYHORIY,M,146,0
JESSE,M,146,34
MESUT,M,146,12
NIKOLAJ,M,146,21
OTTON,M,146,210
SATURNIN,M,146,236
ȘTEFAN,M,146,6
ANTONII,M,145,9
BALTAZAR,M,145,520
BO,M,145,31
GILAD,M,145,6
ITAN,M,145,8
NATIG,M,145,0
SHAI,M,145,13
VEPKHVIA,M,145,0
DOUGLAS,M,144,164
FREDERIK,M,144,90
MAURIZIO,M,144,14
OKAN,M,144,19
SAVA,M,144,5
TIMOFII,M,144,0
ADILET,M,143,0
I,M,143,3
KARSTEN,M,143,28
TAHA,M,143,65
YAKUB,M,143,14
ALIKHAN,M,142,0
DOMINICK,M,142,27
LERI,M,142,0
MATHEUS,M,142,22
NADIR,M,142,17
RADZIVON,M,142,0
DEVID,M,141,5
FILIPP,M,141,3
GRIGOL,M,141,0
HARUN,M,141,15
HUSEYN,M,141,0
KAKHABERI,M,141,0
LUDWIG,M,141,180
NIKHIL,M,141,4
RAJ,M,141,294
AMAL,M,140,4
ANH,M,140,164
IEGOR,M,140,0
ODED,M,140,4
RAGNAR,M,140,140
REVAZI,M,140,0
ROMANI,M,140,0
SANJAR,M,140,0
YELISEI,M,140,0
ABDULLA,M,139,14
ASKAR,M,139,3
HOLGER,M,139,32
MAJKEL,M,139,45
MAXIMUS,M,139,62
RONALDO,M,139,29
SINAN,M,139,24
TOMEK,M,139,39
DAROSŁAW,M,138,33
DITMAR,M,138,40
EMILIANO,M,138,45
ILARION,M,138,0
JAYDEN,M,138,25
KLIM,M,138,0
MERDAN,M,138,2
SŁAWOSZ,M,138,78
GAURAV,M,137,6
IGORS,M,137,0
SHAVKAT,M,137,0
STUART,M,137,124
SYMEON,M,137,149
TARIK,M,137,46
WENANCJUSZ,M,137,74
ALEKO,M,136,0
AZER,M,136,3
FARUK,M,136,157
GEORGIY,M,136,2
GERD,M,136,62
GRIGOR,M,136,3
MAURICE,M,136,181
OHAD,M,136,0
RONEN,M,136,5
USMAN,M,136,35
ABBAS,M,135,67
CEM,M,135,59
CHRISTOF,M,135,95
DMITRIJS,M,135,0
FREDERIC,M,135,73
KEITH,M,135,124
MOHAN,M,135,62
PER,M,135,19
ROŚCISŁAW,M,135,52
TOLGA,M,135,27
ASEN,M,134,7
EFE,M,134,144
ELIJAH,M,134,58
HAMID,M,134,27
HENRIQUE,M,134,228
VEDAT,M,134,4
VITALIJ,M,134,8
VOLKER,M,134,37
YULII,M,134,0
ALFONSO,M,133,337
ASIM,M,133,13
BART,M,133,25
HALIL,M,133,33
JASUR,M,133,0
MAXYM,M,133,5
NURSULTAN,M,133,0
TAMIR,M,133,7
ŞTEFAN,M,133,19
BRONISLAV,M,132,0
ERHAN,M,132,14
KOSTAS,M,132,33
PANAGIOTIS,M,132,25
RONI,M,132,15
SALOMON,M,132,98
ZIV,M,132,9
CRAIG,M,131,67
DANIYAR,M,131,0
GAGA,M,131,0
GOR,M,131,0
HAIM,M,131,166
JUAN DAVID,M,131,0
METIN,M,131,23
URIEL,M,131,122
YOSYF,M,131,2
ANASTAZY,M,130,261
ASADBEK,M,130,0
DARWIN,M,130,15
HERNAN,M,130,145
KLYM,M,130,0
LUIZ,M,130,112
MATEJ,M,130,9
PRAVEEN,M,130,7
RAMZAN,M,130,4
SHOKHRUKH,M,130,0
THÉO,M,130,20
FAISAL,M,129,33
HUNG,M,129,84
MAMED,M,129,0
YASSIN,M,129,15
DEZYDERIUSZ,M,128,147
GIULIO,M,128,14
NAMIG,M,128,0
NURBEK,M,128,0
RAVSHAN,M,128,0
REZO,M,128,2
SORIN,M,128,28
YAROMYR,M,128,0
ALWIN,M,127,48
AVRAM,M,127,8
AYHAN,M,127,12
DUŠAN,M,127,13
DYMYTRII,M,127,0
HUSSEIN,M,127,80
KADIR,M,127,32
LIWIUSZ,M,127,58
SERAFIM,M,127,5
TOMIR,M,127,45
TYLER,M,127,66
VOLODIMIR,M,127,0
ARAZ,M,126,2
AVTANDILI,M,126,0
AYOUB,M,126,8
DARREN,M,126,29
FINN,M,126,34
FIRAT,M,126,36
FIRDAVS,M,126,0
MURODJON,M,126,0
RONNY,M,126,13
SEDAT,M,126,9
UCHA,M,126,0
UMID,M,126,0
VIVEK,M,126,2
ZORIAN,M,126,20
ARNAUD,M,125,32
BERTOLD,M,125,61
DYONIZY,M,125,137
ERCAN,M,125,5
HRISTO,M,125,0
JANISŁAW,M,125,45
MAGAMED,M,125,0
RADOMIŁ,M,125,60
TEIMURAZI,M,125,0
THIERRY,M,125,56
ADITYA,M,124,14
ANDERS,M,124,104
BOJAN,M,124,16
DARKO,M,124,5
ELIOT,M,124,29
KAREL,M,124,28
KERIM,M,124,25
KRASIMIR,M,124,5
MOSTAFA,M,124,28
YOUSEF,M,124,24
BIKASH,M,123,0
CSABA,M,123,18
GEORGES,M,123,179
MIKOLA,M,123,0
MIRAN,M,123,9
NUNO,M,123,53
PETROS,M,123,21
PREM,M,123,9
QUENTIN,M,123,29
TRAIAN,M,123,10
AIBEK,M,122,0
BJÖRN,M,122,54
FRANTIŠEK,M,122,8
FRIEDRICH,M,122,177
JACOPO,M,122,5
MARCELIN,M,122,46
OUSSAMA,M,122,8
SALVADOR,M,122,107
SARGIS,M,122,3
SEBASTIÁN,M,122,53
ZSOLT,M,122,23
DILMUROD,M,121,0
ERDEM,M,121,42
FRANKLIN,M,121,50
KYRYLL,M,121,0
NABIN,M,121,0
RADZIMIR,M,121,73
SABIR,M,121,5
STÉPHANE,M,121,57
SŁAWOJ,M,121,114
VITTORIO,M,121,32
ZEEV,M,121,69
ANATOLY,M,120,0
ARNO,M,120,51
CONOR,M,120,45
GARIK,M,120,2
NARAYAN,M,120,70
NURIDDIN,M,120,0
RUI,M,120,20
YILMAZ,M,120,13
LAJOS,M,119,11
LEWIS,M,119,117
MAHAMMAD,M,119,2
MILTON,M,119,18
NARESH,M,119,11
NENAD,M,119,0
OĞUZHAN,M,119,7
ZINOVIY,M,119,0
AMMAR,M,118,23
AUSTIN,M,118,60
EDOARDO,M,118,13
ERVIN,M,118,8
GABRYEL,M,118,160
LÉON,M,118,37
MAXIMILIEN,M,118,25
MUSTAPHA,M,118,7
NIMROD,M,118,6
SHAHIN,M,118,12
SHERALI,M,118,0
VANO,M,118,0
ZOLTAN,M,118,46
BARAN,M,117,40
BATYR,M,117,0
DROR,M,117,2
FERDINAND,M,117,70
ILIAN,M,117,7
JON,M,117,78
MUSLIM,M,117,3
TURAN,M,117,13
ALIKA,M,116,0
BEGENCH,M,116,0
DENİZ,M,116,47
DEXTER,M,116,19
ELIAN,M,116,30
ELMAN,M,116,2
IONUŢ,M,116,22
MUHAMAD,M,116,3
RADOSLAV,M,116,8
RANDY,M,116,7
ROIN,M,116,0
STANISLAS,M,116,118
YAHYA,M,116,25
DASTAN,M,115,3
JHONATAN,M,115,0
KADİR,M,115,16
LEVI,M,115,59
LIVIU,M,115,15
MIHÁLY,M,115,7
RACHID,M,115,8
RAFAL,M,115,176
ROMAIN,M,115,35
RUVYM,M,115,0
SERGE,M,115,60
YVES,M,115,115
ARSENIUSZ,M,114,29
DIDIER,M,114,47
FADI,M,114,16
FILIPE,M,114,291
JOHNNY,M,114,23
SIMION,M,114,3
VASILEIOS,M,114,18
BERK,M,113,71
CONNOR,M,113,64
DÁNIEL,M,113,22
EDGARS,M,113,2
JEROME,M,113,48
LUÍS,M,113,72
MACIEK,M,113,42
RASTSISLAU,M,113,0
ROI,M,113,0
SEBASTIEN,M,113,27
TAKHIR,M,113,0
THORSTEN,M,113,17
WILMER,M,113,9
YASİN,M,113,25
BOAZ,M,112,10
IONEL,M,112,14
SIMEON,M,112,18
TUAN,M,112,72
ALEKSEJ,M,111,3
BRADLEY,M,111,55
HEIKO,M,111,13
LEE,M,111,446
MAHDI,M,111,30
MIROSLAW,M,111,100
NAVEEN,M,111,0
ROBINSON,M,111,17
SAHIL,M,111,4
ARKADI,M,110,2
AVI,M,110,19
AYAN,M,110,15
CAMERON,M,110,45
FERENC,M,110,33
HARRISON,M,110,60
JAVOKHIR,M,110,0
MATEUS,M,110,35
NARIMAN,M,110,0
NICODEM,M,110,11
RUFAT,M,110,0
VLAS,M,110,0
YEVGENII,M,110,0
ŚWIATOSŁAW,M,110,41
AGIL,M,109,0
AMRIT,M,109,0
BISHNU,M,109,0
CHEN,M,109,10
HAMLET,M,109,3
MELVIN,M,109,10
STEVE,M,109,50
SULEYMAN,M,109,5
TOMISŁAW,M,109,52
TSOTNE,M,109,0
VINOD,M,109,25
YANIS,M,109,18
AYMAN,M,108,46
FACUNDO,M,108,27
INGO,M,108,37
ISMAYIL,M,108,0
JURAJ,M,108,10
MILOSZ,M,108,46
NIELS,M,108,14
OLECH,M,108,30
PAVLE,M,108,0
SALIH,M,108,36
WAEL,M,108,21
YANG,M,108,12
ANDRIUS,M,107,4
BAKHTIYAR,M,107,0
ENVER,M,107,6
IRFAN,M,107,27
JURII,M,107,2
KHUSNIDDIN,M,107,0
LADISLAV,M,107,4
ORFEUSZ,M,107,47
PIETER,M,107,85
RAJNHOLD,M,107,33
WOŁODYMYR,M,107,6
YUSIF,M,107,2
ABDALLAH,M,106,29
ANDRIEJ,M,106,0
ANTONINO,M,106,16
BACHANA,M,106,0
ERKIN,M,106,3
GUVANCH,M,106,0
ILIIA,M,106,0
LEVENT,M,106,19
SAMER,M,106,17
ZAURI,M,106,0
ALIN,M,105,18
ALLEN,M,105,151
ANAND,M,105,31
BIBEK,M,105,0
CHINGIZ,M,105,0
DIONISIE,M,105,0
DOV,M,105,88
DUC,M,105,40
FURKAT,M,105,0
GLENN,M,105,31
ITZHAK,M,105,90
KAIRAT,M,105,0
MEKAN,M,105,0
MLADEN,M,105,3
MUKESH,M,105,13
MURMAN,M,105,0
NYKYTA,M,105,0
ROHAN,M,105,27
ROLANDO,M,105,39
SAMUELE,M,105,7
SAROJ,M,105,0
YOUNES,M,105,7
ZACK,M,105,13
AKMALJON,M,104,0
AUGUSTIN,M,104,61
CIRO,M,104,8
DETLEF,M,104,44
ERAZM,M,104,168
FARHAD,M,104,12
GOPAL,M,104,18
HUGON,M,104,104
IAGO,M,104,0
JUMBER,M,104,0
LUC,M,104,68
MIRIAN,M,104,0
PASQUALE,M,104,28
RADYSLAV,M,104,0
SHMAGI,M,104,0
SUKHROB,M,104,0
UDO,M,104,31
USEVALAD,M,104,0
VLADIMERI,M,104,0
ALPEREN,M,103,30
AMOS,M,103,39
BAR,M,103,6
HERMANN,M,103,163
ILKHOMJON,M,103,0
MARTSIN,M,103,0
MOISES,M,103,60
NIGEL,M,103,47
RAJENDRA,M,103,32
RENARD,M,103,42
ROTEM,M,103,0
RUDI,M,103,45
SASHA,M,103,22
SHAKHIN,M,103,0
SILVIO,M,103,28
TENGIZI,M,103,0
ASHRAF,M,102,56
DEMYAN,M,102,0
DZIMITRY,M,102,0
EGE,M,102,61
EMZARI,M,102,0
FAZLIDDIN,M,102,0
FREDY,M,102,99
JOE,M,102,77
KARAN,M,102,11
MARKIYAN,M,102,0
MEIR,M,102,101
PRADIP,M,102,5
WESLEY,M,102,70
ANTÓNIO,M,101,73
BORYSŁAW,M,101,46
EVGENI,M,101,2
GURPREET,M,101,0
HAO,M,101,9
IONUT,M,101,40
OLEKSIJ,M,101,4
RADOMYR,M,101,0
VICENTE,M,101,77
WILIBALD,M,101,32
AHARON,M,100,71
ASHER,M,100,63
BÜLENT,M,100,9
COLLIN,M,100,12
DEMID,M,100,2
ISKANDAR,M,100,2
LAWRENCE,M,100,152
NEMANJA,M,100,0
NUGZARI,M,100,0
SAUL,M,100,57
YEHONATAN,M,100,9
ZAKIR,M,100,5
AJITH,M,99,5
ANKIT,M,99,0
ARCHIE,M,99,16
AZAR,M,99,0
BARAK,M,99,0
BRUCE,M,99,113
CARLOS ANDRES,M,99,0
CYRIL,M,99,42
ELTUN,M,99,0
EREKLE,M,99,0
EROL,M,99,8
FRANCOIS,M,99,126
GORDON,M,99,127
HAKOB,M,99,3
HENNADIY,M,99,0
ILAY,M,99,4
ILHAM,M,99,6
JOSE LUIS,M,99,0
KAY,M,99,20
OMARI,M,99,5
ONDŘEJ,M,99,2
RODOLFO,M,99,45
SARVAR,M,99,0
SASZA,M,99,38
TEMIRLAN,M,99,0
TIMOFIY,M,99,0
VALERIO,M,99,18
WILLEM,M,99,123
AGUS,M,98,48
ANISH,M,98,3
BIKRAM,M,98,23
DIOGO,M,98,19
JACKSON,M,98,42
KANAT,M,98,0
MINDAUGAS,M,98,2
MOSES,M,98,41
NAMIK,M,98,3
NIV,M,98,2
NUR,M,98,35
RAMIRO,M,98,43
SABIN,M,98,20
SEIMUR,M,98,0
YI,M,98,6
CHANDRA,M,97,179
ELIEZER,M,97,57
EMİR,M,97,37
EVGEN,M,97,0
FAKHRIDDIN,M,97,0
GIULIANO,M,97,16
HARTMUT,M,97,29
IGNAT,M,97,0
JEYHUN,M,97,0
KRISTOF,M,97,44
LEKSO,M,97,0
OKTAY,M,97,10
PAWAN,M,97,0
RAHIM,M,97,26
RAZ,M,97,8
TAO,M,97,6
ABDELRAHMAN,M,96,14
AMIRANI,M,96,0
AMR,M,96,13
ATANAS,M,96,3
AYMEN,M,96,12
CEMAL,M,96,8
EZRA,M,96,52
IOSEBI,M,96,0
KAZIMIR,M,96,6
MIRCEA,M,96,12
SARATH,M,96,2
SEMION,M,96,2
YORAM,M,96,9
ATHANASIOS,M,95,8
BAIRAM,M,95,0
FRANCK,M,95,34
JAMBUL,M,95,0
KELVIN,M,95,32
LAXMAN,M,95,12
PANKAJ,M,95,12
RUMEN,M,95,0
RUVIM,M,95,0
SHAUN,M,95,35
SHIMON,M,95,62
TOMA,M,95,7
ZAMIR,M,95,7
ALEKSEJS,M,94,0
ARKHYP,M,94,0
COSMIN,M,94,20
CRISTIANO,M,94,22
EUSTACHY,M,94,184
JURABEK,M,94,0
KRISZTIÁN,M,94,15
LADO,M,94,0
MIKAIL,M,94,17
MOJŻESZ,M,94,36
RAJNER,M,94,27
SAAD,M,94,53
SIROJIDDIN,M,94,0
VAHE,M,94,0
WALERIJ,M,94,0
AURELIAN,M,93,38
DILSHODBEK,M,93,0
EUGENIO,M,93,58
FABIEN,M,93,21
FIRUZ,M,93,0
LEONEL,M,93,77
MICHAIŁ,M,93,3
NAM,M,93,158
POLIKARP,M,93,115
RIZVAN,M,93,0
SAMANDAR,M,93,0
STEPHANE,M,93,34
WITALI,M,93,5
YU,M,93,10
CALEB,M,92,24
CALVIN,M,92,35
GEOFFREY,M,92,61
HAI,M,92,58
HARUTYUN,M,92,0
NIKOŁAJ,M,92,9
SUBASH,M,92,4
SUMIT,M,92,2
VLADIMÍR,M,92,5
ANDRIS,M,91,4
ARCHILI,M,91,0
BRENDON,M,91,22
GHEORGHII,M,91,0
JEMALI,M,91,0
LUIS FERNANDO,M,91,0
MARTYNIAN,M,91,24
PILIP,M,91,0
SAMY,M,91,22
SURYA,M,91,5
VENKATA,M,91,23
YAKAU,M,91,0
YAKOV,M,91,39
ÁDÁM,M,91,12
ANDRIA,M,90,0
ANOOP,M,90,0
BERAT,M,90,27
BORYSLAV,M,90,0
CLAUS,M,90,26
JAMIL,M,90,21
LEI,M,90,0
NINO,M,90,29
PETRUS,M,90,95
RAMIR,M,90,2
REMI,M,90,28
SANDIP,M,90,5
XUAN,M,90,13
AKHMAD,M,89,3
ALMAZ,M,89,0
AREK,M,89,45
BRENDAN,M,89,39
CORNELIS,M,89,137
EDISON,M,89,19
ERDAL,M,89,6
GRAHAM,M,89,88
JOVAN,M,89,15
MARWAN,M,89,8
MATT,M,89,21
PAVOL,M,89,12
REGINALD,M,89,70
SHAHID,M,89,17
SHUBHAM,M,89,0
SULEIMAN,M,89,15
SULKHAN,M,89,0
TODOR,M,89,4
ULAN,M,89,0
BENEDIKT,M,88,79
DAMIANO,M,88,14
HABIB,M,88,40
JIAN,M,88,0
KHAMZAT,M,88,0
MAKHMUD,M,88,0
MARCELL,M,88,11
MORGAN,M,88,43
NIHAT,M,88,0
NIZAMI,M,88,3
ODILJON,M,88,0
PETRE,M,88,8
RAVAN,M,88,0
SHACHAR,M,88,0
SINGH,M,88,1735
ULF,M,88,11
UMESH,M,88,10
YASSER,M,88,18
ABDURRAHMAN,M,87,4
BIN,M,87,62
DATA,M,87,0
FAUSTYN,M,87,147
FREDDY,M,87,27
JALAL,M,87,10
JIE,M,87,2
JIMSHER,M,87,0
JITHIN,M,87,0
JULIÁN,M,87,20
MAHENDRA,M,87,17
ROCCO,M,87,34
SAGI,M,87,3
SOFIANE,M,87,6
SYLWIN,M,87,64
TREVOR,M,87,39
YEHUDA,M,87,88
ADRIÁN,M,86,37
ALES,M,86,0
ANDRO,M,86,0
BARRY,M,86,61
CLÉMENT,M,86,21
DONIYOR,M,86,0
ILDAR,M,86,0
JAROGNIEW,M,86,46
JESPER,M,86,20
KUZMA,M,86,0
RANJIT,M,86,5
SABRI,M,86,17
SALAH,M,86,93
SAMEER,M,86,14
SERCAN,M,86,11
SHAKHZOD,M,86,0
SHARON,M,86,12
SURENDRA,M,86,7
SİNAN,M,86,6
YOUCEF,M,86,5
ARKADY,M,85,77
ARNEL,M,85,0
ARTŪRS,M,85,0
CANER,M,85,13
GHENNADI,M,85,0
GOGI,M,85,0
IVÁN,M,85,52
JOAN,M,85,25
KRIS,M,85,48
LONG,M,85,83
LUAN,M,85,10
MAHIR,M,85,8
MATWIEJ,M,85,3
MOHIT,M,85,2
NIHAD,M,85,0
OLIMJON,M,85,0
RONNIE,M,85,16
SERGIJ,M,85,4
SYRIUSZ,M,85,94
VEYSEL,M,85,6
BRAHIM,M,84,6
BİLAL,M,84,11
DAVRON,M,84,0
DILAN,M,84,4
GUSEIN,M,84,0
HORACY,M,84,90
I KADEK,M,84,0
INTIGAM,M,84,0
JOEY,M,84,9
MOISE,M,84,9
NAIL,M,84,7
NIKOLAUS,M,84,68
PLAMEN,M,84,7
RENISŁAW,M,84,26
STAS,M,84,9
TIKHON,M,84,0
ZAFER,M,84,9
ZHAN,M,84,0
ADOLFO,M,83,140
ARKADZI,M,83,0
DALIBOR,M,83,3
HICHAM,M,83,3
KARLO,M,83,3
MAJID,M,83,12
OSAMA,M,83,34
QIANG,M,83,0
SEMIR,M,83,28
SHYAM,M,83,14
WENDELIN,M,83,48
YORDAN,M,83,2
ALEKSANDROS,M,82,10
ANRI,M,82,0
ARTEMIUSZ,M,82,19
ASHLEY,M,82,48
AZIZJON,M,82,0
BURHAN,M,82,15
DAGMAR,M,82,26
DANI,M,82,7
DIAS,M,82,3
FÁBIO,M,82,3
GIANNI,M,82,16
GINO,M,82,25
HADI,M,82,51
IMAM,M,82,11
ISTVAN,M,82,15
LEONTII,M,82,0
MORDECHAI,M,82,93
OLLIE,M,82,4
RAVIL,M,82,0
SAKHIB,M,82,0
SANDER,M,82,23
SAŠA,M,82,0
SHANE,M,82,37
VAGIF,M,82,0
VǍN,M,82,13
WALENTYN,M,82,37
ÖZCAN,M,82,2
ABDELKADER,M,81,14
ANEESH,M,81,0
ARIS,M,81,17
ARTŪRAS,M,81,0
CORNEL,M,81,26
CORNELIU,M,81,3
DIPENDRA,M,81,0
ELISEI,M,81,7
ETIBAR,M,81,0
FABRICE,M,81,25
GIZO,M,81,0
HAREL,M,81,5
IACOB,M,81,0
ILLA,M,81,2
JEIKHUN,M,81,0
MILEN,M,81,8
MOURAD,M,81,8
NIZAR,M,81,14
SRINIVAS,M,81,5
TRUNG,M,81,61
WIRGILIUSZ,M,81,102
XIN,M,81,3
ZAHID,M,81,4
ADALBERT,M,80,77
ALDO,M,80,37
ANTONIOS,M,80,8
ASAD,M,80,16
BRANISLAV,M,80,2
DIYORBEK,M,80,0
ERAY,M,80,17
EZIZ,M,80,0
FRED,M,80,33
ILAI,M,80,0
KARTHIK,M,80,9
LAZAR,M,80,9
MARUF,M,80,7
RAFAIL,M,80,9
SEVERIN,M,80,13
TELMAN,M,80,0
XUÂN,M,80,21
ABDULRAHMAN,M,79,24
ANDI,M,79,3
BAPTISTE,M,79,40
BERTRAND,M,79,41
COSTEL,M,79,7
ELIO,M,79,18
FRANTS,M,79,0
GIANCARLO,M,79,4
GRYGORIY,M,79,0
I WAYAN,M,79,0
JONIBEK,M,79,0
JUAN SEBASTIAN,M,79,0
NIL,M,79,7
PRASAD,M,79,554
RATMIR,M,79,2
RIDVAN,M,79,10
RUSSELL,M,79,81
SACHA,M,79,15
SALİH,M,79,31
TALGAT,M,79,0
TEIMUR,M,79,0
VEPA,M,79,0
YUSUP,M,79,0
AIDAR,M,78,0
BENNY,M,78,24
DALER,M,78,0
EDVIN,M,78,11
ELDANIZ,M,78,0
GIDEON,M,78,12
HARIS,M,78,19
HERNÁN,M,78,81
ILIYA,M,78,0
ILKHAM,M,78,0
JORGE LUIS,M,78,0
KHURSHID,M,78,4
KHUSAN,M,78,0
MANTAS,M,78,3
PARYS,M,78,38
RAMZI,M,78,24
SATISH,M,78,16
YANNICK,M,78,17
YASH,M,78,5
YAVUZ,M,78,20
ZAAL,M,78,0
ÖZKAN,M,78,6
ALIBEK,M,77,0
AMER,M,77,15
CARLOS ALBERTO,M,77,0
CASPIAN,M,77,10
EDEN,M,77,15
EHOR,M,77,0
EHUD,M,77,3
FAIG,M,77,0
FRITZ,M,77,68
GAVIN,M,77,24
GENNARO,M,77,12
MARIÁN,M,77,0
METİN,M,77,7
NGOC,M,77,11
PENG,M,77,0
PRASHANT,M,77,12
RICO,M,77,10
SAI,M,77,30
SALEH,M,77,47
TOMISLAV,M,77,3
VENKATESH,M,77,5
VOLODYMIR,M,77,0
YERLAN,M,77,0
BASIL,M,76,18
DEMETRE,M,76,0
DENISS,M,76,2
GURGEN,M,76,2
HARISH,M,76,10
HELIODOR,M,76,103
IBROKHIM,M,76,0
IMAD,M,76,13
JOAO,M,76,12
JUAN CAMILO,M,76,0
LUIS ALBERTO,M,76,0
MISHA,M,76,7
MYCHAJŁO,M,76,2
NASIR,M,76,20
OFEK,M,76,0
OMELIAN,M,76,0
PRIDON,M,76,0
REDA,M,76,23
SHOHRAT,M,76,0
SYLVESTER,M,76,78
TAFADZWA,M,76,34
YANUSH,M,76,2
ABROR,M,75,0
ATAKAN,M,75,18
BHARAT,M,75,24
CIPRIAN,M,75,14
EBERHARD,M,75,53
ELIZEUSZ,M,75,38
ELYOR,M,75,0
FARIS,M,75,20
KAMEL,M,75,25
KHURSHED,M,75,0
MAHMUD,M,75,21
MEYLIS,M,75,0
NGỌC,M,75,25
RABIN,M,75,0
RAHMAN,M,75,103
REINER,M,75,25
TAMER,M,75,15
VIKTORS,M,75,0
VITOR,M,75,21
WILFRIED,M,75,47
YOEL,M,75,32
ZDENĚK,M,75,3
ARSENIJ,M,74,0
BJORN,M,74,42
BOBIR,M,74,0
BONDO,M,74,0
DINH,M,74,11
DOREL,M,74,5
DRAGOMIR,M,74,42
DUVAN,M,74,50
EDMOND,M,74,45
ENGIN,M,74,11
FARES,M,74,14
FRANKIE,M,74,8
GREGORIO,M,74,93
ISLOMJON,M,74,0
ISSAM,M,74,13
JAVLONBEK,M,74,0
JOCHEN,M,74,19
MAKSIMS,M,74,0
MYRAT,M,74,0
NADER,M,74,14
RAIMUND,M,74,21
ROM,M,74,3
SERHIJ,M,74,0
SHANKAR,M,74,60
UFUK,M,74,6
VIKAS,M,74,10
VYTAUTAS,M,74,2
WAYNE,M,74,112
WOLF,M,74,36
ZELIMKHAN,M,74,0
ACHIM,M,73,22
DINO,M,73,11
DONG,M,73,14
DOSTONBEK,M,73,0
EKREM,M,73,10
ETIENNE,M,73,53
FÉLIX,M,73,32
GASTON,M,73,86
GRANT,M,73,71
ISLOMBEK,M,73,0
JEREMIAH,M,73,36
JURI,M,73,7
MIN,M,73,21
MORITZ,M,73,30
MÁTÉ,M,73,10
NARENDRA,M,73,10
NIRMAL,M,73,2
NOVRUZ,M,73,0
RUSTAMJON,M,73,0
SAMAT,M,73,0
SERIK,M,73,0
SONER,M,73,13
USHANGI,M,73,0
VAHAN,M,73,0
VASILY,M,73,0
WIECZYSŁAW,M,73,18
WOLODYMYR,M,73,6
ZBISŁAW,M,73,29
ÜMİT,M,73,3
ANASTASIOS,M,72,7
ANWAR,M,72,36
ARA,M,72,2
ASAN,M,72,5
AVAZBEK,M,72,0
AZIM,M,72,9
BERTHOLD,M,72,34
CLAUDIU,M,72,27
DAVRONBEK,M,72,0
EDOUARD,M,72,60
IZRAEL,M,72,22
JEWGIENIJ,M,72,0
JURIS,M,72,0
KAMOLIDDIN,M,72,0
KEN,M,72,15
LEVENTE,M,72,29
MALEK,M,72,14
MANU,M,72,3
MILES,M,72,42
MÁTYÁS,M,72,3
NODIR,M,72,0
THEODOROS,M,72,14
VASIF,M,72,0
WADYM,M,72,0
WLADIMIR,M,72,16
WŁODZISŁAW,M,72,28
ABU,M,71,21
BAKHROM,M,71,0
BALÁZS,M,71,10
CEDRIC,M,71,23
DENI,M,71,4
EDGARDO,M,71,49
ELJAN,M,71,0
FENG,M,71,3
GAETANO,M,71,19
GHENNADII,M,71,0
GIAN,M,71,4
GILBERTO,M,71,24
HIMANSHU,M,71,5
LUTZ,M,71,29
MAIKEL,M,71,11
MALCOLM,M,71,53
MUBARIZ,M,71,0
NAUM,M,71,6
PRAMOD,M,71,9
RAJA,M,71,16
SANJARBEK,M,71,0
TIHRAN,M,71,0
TOBY,M,71,13
VIET,M,71,57
ŠTEFAN,M,71,0
ABBOS,M,70,0
ARIZ,M,70,0
BAKUR,M,70,0
BIJAY,M,70,0
BIJAYA,M,70,0
CLAUDE,M,70,181
FAMIL,M,70,0
GAYRAT,M,70,0
HENRYKH,M,70,0
ISMET,M,70,10
JACOBO,M,70,20
KSAVIER,M,70,8
LIANG,M,70,3
LUDOVIC,M,70,25
MATTIAS,M,70,31
MUKHAMMADJON,M,70,0
RAJNHARD,M,70,22
RAMAL,M,70,0
RICKY,M,70,13
RIKARDO,M,70,23
SAIFUL,M,70,11
SANTHOSH,M,70,2
SIEMOWIT,M,70,23
SUNNY,M,70,9
SUSHIL,M,70,0
TANER,M,70,11
ULVI,M,70,0
VALI,M,70,5
VLADIMIRS,M,70,0
WINFRIED,M,70,15
ARIUSZ,M,69,20
AUGUSTO,M,69,310
DAJAN,M,69,12
DONATAS,M,69,4
DOVRAN,M,69,0
GENNADY,M,69,0
GYÖRGY,M,69,17
HACI,M,69,4
IVAR,M,69,35
JEAN-PIERRE,M,69,40
JUNIOR,M,69,406
KRISTOFFER,M,69,45
MAKSIMILIAN,M,69,14
MIDHUN,M,69,0
MORTEN,M,69,13
NURALI,M,69,0
OĞUZ,M,69,11
RAKHMAN,M,69,4
SANJEEV,M,69,2
STOYAN,M,69,0
SUDIP,M,69,0
SYLVAIN,M,69,41
SÉRGIO,M,69,13
TABRIZ,M,69,0
TARIQ,M,69,26
AKIF,M,68,20
ANZORI,M,68,0
ARSENTII,M,68,0
BRANKO,M,68,5
CHASLAU,M,68,0
DUY,M,68,33
ELMER,M,68,16
FEDAR,M,68,0
GRIGOLI,M,68,0
GÜNTHER,M,68,57
HOANG,M,68,45
I GEDE,M,68,0
IKROM,M,68,0
IVAYLO,M,68,2
KOSTIANTIN,M,68,0
PRABIN,M,68,0
TARIELI,M,68,0
TIMON,M,68,8
TSIKHAN,M,68,0
VITĀLIJS,M,68,0
YAŞAR,M,68,13
YOGESH,M,68,9
ABDULLO,M,67,0
ABUBAKAR,M,67,15
ABUBAKR,M,67,0
ALIJON,M,67,0
ALP,M,67,71
ARZUMAN,M,67,0
AYKUT,M,67,7
BERKE,M,67,31
FARIZ,M,67,3
GABIL,M,67,0
GERWAZY,M,67,132
HUY,M,67,54
I MADE,M,67,0
JIN,M,67,44
JOSUE,M,67,49
NITHIN,M,67,0
NITIN,M,67,11
OSYP,M,67,0
PATRICIO,M,67,41
REYNALDO,M,67,9
REZA,M,67,38
ROIAL,M,67,0
ROSS,M,67,75
ROSTOM,M,67,3
SETH,M,67,27
SHUHRAT,M,67,0
TAKUDZWA,M,67,29
UTKU,M,67,17
VIGNESH,M,67,2
WILLY,M,67,58
YASIR,M,67,17
AMADEUS,M,66,53
ANATOLIUSZ,M,66,36
ANH TUAN,M,66,3
BENOIT,M,66,29
DAMINIK,M,66,4
ELKIN,M,66,2
HARPREET,M,66,3
JOAQUÍN,M,66,12
JURGEN,M,66,47
KALEB,M,66,28
KHACHATUR,M,66,0
KRISTOFER,M,66,27
NAZARIJ,M,66,0
PAPUNA,M,66,0
SEBASTIANO,M,66,12
SELÇUK,M,66,14
SHAWN,M,66,28
SHIVA,M,66,5
TATENDA,M,66,35
WILIAM,M,66,51
YONATHAN,M,66,7
ZIAD,M,66,16
ZLATAN,M,66,15
ARMANI,M,65,21
ASKHAT,M,65,0
AYKHAN,M,65,0
BLAKE,M,65,29
BORA,M,65,23
CIHAN,M,65,8
EMAD,M,65,37
EMİRHAN,M,65,6
EVANGELOS,M,65,6
GIANFRANCO,M,65,4
GILLES,M,65,46
IROSŁAW,M,65,20
JANUARIUSZ,M,65,42
JULIO CESAR,M,65,0
JURIJS,M,65,0
KLYMENTII,M,65,0
MARKOS,M,65,19
MEHMED,M,65,26
MUKHAMMADALI,M,65,0
ONUFRY,M,65,152
RAY,M,65,113
RAZMIK,M,65,5
SEYMUR,M,65,0
TUNCAY,M,65,0
VAN HUNG,M,65,0
YAM,M,65,4
YAROSLAW,M,65,0
ZOHAR,M,65,4
ANVARJON,M,64,0
AYAZ,M,64,13
CRISTHIAN,M,64,2
GAEL,M,64,30
HADRIAN,M,64,49
HAMDI,M,64,14
ILIJA,M,64,3
JANO,M,64,5
JEFERSON,M,64,2
MICHEASZ,M,64,15
MINA,M,64,9
MOUSTAFA,M,64,38
MUKHTAR,M,64,6
NEO,M,64,25
NEVO,M,64,3
RAJ KUMAR,M,64,0
RAVINDER,M,64,3
SALEM,M,64,28
SANZHAR,M,64,0
SARKIS,M,64,3
SAURABH,M,64,0
SLOBODAN,M,64,2
SVETOSLAV,M,64,0
TALHA,M,64,52
TANASIS,M,64,6
TINASHE,M,64,43
TUẤN,M,64,46
VITOLD,M,64,9
ZAIN,M,64,19
ABHILASH,M,63,0
ALAA,M,63,14
ALIREZA,M,63,0
ANTONIUS,M,63,110
ANZELM,M,63,106
AVINASH,M,63,7
AYAAN,M,63,20
BEKIR,M,63,10
CAMILO ANDRES,M,63,0
CARMINE,M,63,12
CİHAN,M,63,11
DAMIÁN,M,63,43
DAVI,M,63,3
DOSTON,M,63,0
DZMITRYI,M,63,0
ELDOR,M,63,0
ELIZBAR,M,63,0
EMILIUSZ,M,63,30
GEORGY,M,63,0
GREG,M,63,62
HARVEY,M,63,46
JAFAR,M,63,6
JAHONGIR,M,63,0
JARED,M,63,20
JHOAN,M,63,6
KAZIM,M,63,8
KAZYMYR,M,63,2
KIAN,M,63,13
KINGSLEY,M,63,32
LEIF,M,63,17
MAN,M,63,48
MITCHELL,M,63,77
NAPOLEON,M,63,252
OLE,M,63,28
ONISE,M,63,0
PARTH,M,63,0
PASHA,M,63,2
SAKHIL,M,63,0
SHATLYK,M,63,0
SIMBARASHE,M,63,31
SON,M,63,75
UKTAM,M,63,0
UMBERTO,M,63,20
VAJA,M,63,0
YAKYM,M,63,0
ZAID,M,63,5
BAUYRZHAN,M,62,0
DACHI,M,62,0
DANIIAR,M,62,0
DANIIEL,M,62,0
EMILE,M,62,58
FOUAD,M,62,19
FREDRIK,M,62,80
GARETH,M,62,24
GASAN,M,62,0
GASTÓN,M,62,40
GROMOSŁAW,M,62,50
GŰNTER,M,62,32
HIROSHI,M,62,0
JONAH,M,62,19
JUAN PABLO,M,62,0
LI,M,62,9
MUKHIDDIN,M,62,0
OĻEGS,M,62,0
RODEL,M,62,2
SAEED,M,62,47
SHERZODBEK,M,62,0
TIEN,M,62,19
ULRYK,M,62,23
VALDEMAR,M,62,15
VALERIANE,M,62,0
VIKRAM,M,62,9
VINAY,M,62,4
VLADISLAVS,M,62,0
YASHAR,M,62,8
ALIAKSANDAR,M,61,0
ALOIS,M,61,125
ANGELOS,M,61,15
BHIM,M,61,0
CAIO,M,61,0
CÉDRIC,M,61,18
DIEGO FERNANDO,M,61,0
DINU,M,61,2
DIPESH,M,61,0
EMMANUIL,M,61,0
ENGİN,M,61,8
GEORGIJ,M,61,5
GERSON,M,61,3
HAMED,M,61,28
HONG,M,61,16
HUSEIN,M,61,0
IQBAL,M,61,29
ISLOM,M,61,0
JAIDER,M,61,10
JEEVAN,M,61,4
KFIR,M,61,2
MADAN,M,61,2
MICHALIS,M,61,18
NAVRUZ,M,61,0
NOA,M,61,9
ORUJ,M,61,0
RAVSHANBEK,M,61,0
SADIK,M,61,20
SANDESH,M,61,0
SHAKIR,M,61,5
TOGHRUL,M,61,0
VADIMS,M,61,0
WALEED,M,61,21
ŽELJKO,M,61,0
AL,M,60,41
AURELIO,M,60,46
AZIMJON,M,60,0
BAHADIR,M,60,29
BEKZAT,M,60,0
BESARION,M,60,0
BOBUR,M,60,0
CARMELO,M,60,21
CRISTIAN CAMILO,M,60,0
DAULET,M,60,0
DILIP,M,60,22
FAZIL,M,60,4
GERRIT,M,60,33
GOKUL,M,60,2
JAMSHED,M,60,0
JEROEN,M,60,12
JUDE,M,60,56
JÉRÔME,M,60,27
LAMBERT,M,60,72
LINUS,M,60,43
LOUIE,M,60,14
MAHER,M,60,20
MARKIAN,M,60,0
MIKEL,M,60,15
MĀRIS,M,60,0
OCTAVIO,M,60,24
PAULIN,M,60,89
ROMMEL,M,60,0
SEMIH,M,60,11
SHARIF,M,60,22
THIBAULT,M,60,7
WAWRZYN,M,60,326
XANDER,M,60,17
AREN,M,59,4
AZAMJON,M,59,0
CHAO,M,59,2
DAVE,M,59,16
EDIK,M,59,0
EDINSON,M,59,21
EMERSON,M,59,19
FARHOD,M,59,0
HUSSAIN,M,59,96
KADEK,M,59,18
KAREEM,M,59,23
LIAN,M,59,5
MIKA,M,59,13
NURI,M,59,21
ROINI,M,59,0
STEFANOS,M,59,4
SZABOLCS,M,59,8
SZCZĘSNY,M,59,600
THANG,M,59,39
TUẤN ANH,M,59,0
VESELIN,M,59,0
VILIAM,M,59,3
VIPIN,M,59,0
YARDEN,M,59,0
AKIN,M,58,6
ARAS,M,58,24
ASLIDDIN,M,58,0
BIMAL,M,58,0
BOHUSLAV,M,58,4
DAVUT,M,58,10
DOVLET,M,58,0
EFRAIM,M,58,41
EMMANOUIL,M,58,7
HARSH,M,58,3
IBROKHIMJON,M,58,0
KARAM,M,58,11
KIERAN,M,58,14
KORAY,M,58,25
KUNAL,M,58,0
MAKHIR,M,58,0
MENACHEM,M,58,44
NABI,M,58,7
NAIM,M,58,11
OLAV,M,58,40
OLZHAS,M,58,0
PATRIC,M,58,32
PRANAV,M,58,2
ROSARIO,M,58,28
RÜDIGER,M,58,30
SEVASTIAN,M,58,0
SOFIAN,M,58,8
SPENCER,M,58,47
VAHID,M,58,2
VALERIJ,M,58,0
ABDEL,M,57,23
ARKADIY,M,57,0
ATA,M,57,35
AUDRIUS,M,57,0
AZAM,M,57,8
BENCE,M,57,11
BIDZINA,M,57,0
BORISLAV,M,57,5
DVIR,M,57,2
EFIM,M,57,0
EINAR,M,57,38
EYÜP,M,57,3
FAHAD,M,57,6
HAKIM,M,57,25
JHON JAIRO,M,57,0
JOAQUIM,M,57,18
JORDI,M,57,11
KASHIF,M,57,7
KRYSPIAN,M,57,33
LUCIO,M,57,15
LUIS EDUARDO,M,57,0
MANDEEP,M,57,0
MARTINO,M,57,9
MATS,M,57,9
MATTI,M,57,27
MAZLUM,M,57,2
MYHAILO,M,57,0
NURZHAN,M,57,0
OTON,M,57,61
OVIDIU,M,57,12
REJNOLD,M,57,14
REUBEN,M,57,18
ROEI,M,57,0
ROLANDI,M,57,0
RUPERT,M,57,41
SELİM,M,57,23
TEYMUR,M,57,0
TIMOFIJ,M,57,0
UǦUR,M,57,5
VALTER,M,57,5
WASILIS,M,57,7
XAVER,M,57,35
YİĞİT,M,57,27
ÜMIT,M,57,4
ABID,M,56,10
ADARSH,M,56,0
ARNE,M,56,36
BEKHZOD,M,56,0
BESLAN,M,56,0
BIJU,M,56,2
CHIRIL,M,56,0
DANY,M,56,10
DAWYD,M,56,0
DOBROMIŁ,M,56,43
DUNG,M,56,50
EGEMEN,M,56,11
ELGUN,M,56,0
ELLIOTT,M,56,50
ELTON,M,56,7
FILIPPOS,M,56,5
GANG,M,56,3
GLEN,M,56,23
GRIGORIY,M,56,0
GYULA,M,56,13
HUSEYIN,M,56,7
I KOMANG,M,56,0
JOSHGUN,M,56,0
KHAYAL,M,56,0
KOMILJON,M,56,0
MANSURBEK,M,56,0
MARIOS,M,56,16
MIREK,M,56,54
MYKOŁA,M,56,0
MŚCISŁAW,M,56,105
NADEEM,M,56,12
NATHANAEL,M,56,19
NATIK,M,56,0
NICKOLAS,M,56,15
PANASHE,M,56,29
PAVLOS,M,56,8
PROKHOR,M,56,0
RADOVAN,M,56,3
REMY,M,56,20
RESUL,M,56,11
RYNAT,M,56,0
SALI,M,56,29
SAVVA,M,56,2
SAYED,M,56,29
SHERIF,M,56,31
SIEGMUND,M,56,32
SONNY,M,56,13
STIVEN,M,56,230
TAYFUN,M,56,5
VLADYSLAW,M,56,0
ABDELLAH,M,55,5
ABDUR,M,55,9
BARUCH,M,55,49
CLEMENS,M,55,17
CODY,M,55,19
CRISTIN,M,55,0
CZAREK,M,55,16
DOVLETGELDI,M,55,0
EDEM,M,55,11
EVGENIJ,M,55,0
JITENDRA,M,55,16
JORGOS,M,55,18
KARAPET,M,55,0
KHAGANI,M,55,0
LENNY,M,55,10
LIRAN,M,55,0
MANVEL,M,55,2
MARIA,M,55,9606
MATÚŠ,M,55,3
MIRLAN,M,55,0
MUZAFFER,M,55,4
NORBERTO,M,55,38
ODYSEUSZ,M,55,23
PRATIK,M,55,3
REUVEN,M,55,30
SAHIB,M,55,5
SEFA,M,55,16
SERGI,M,55,0
SUNG,M,55,13
TAKASHI,M,55,0
TINOTENDA,M,55,32
TORBEN,M,55,5
TRAVIS,M,55,16
VARUN,M,55,7
VIGGO,M,55,15
YACINE,M,55,17
ALEŠ,M,54,0
ASILBEK,M,54,0
BOTIR,M,54,0
DANIJEL,M,54,0
DURSUN,M,54,5
ELBEK,M,54,0
FIRAS,M,54,10
HANI,M,54,13
HAYDAR,M,54,18
IKROMJON,M,54,0
ILHAN,M,54,3
IMRE,M,54,29
IOANN,M,54,0
ISMOIL,M,54,0
JACOBUS,M,54,83
JANOS,M,54,14
JULIANO,M,54,14
JUMBERI,M,54,0
MANUCHARI,M,54,0
MICHAILO,M,54,0
MIHAILO,M,54,0
MYCHAILO,M,54,0
NADIM,M,54,9
RIENAT,M,54,0
RÉMI,M,54,12
SAIF,M,54,12
SEVAK,M,54,0
SHAKHBOZ,M,54,0
YERZHAN,M,54,0
YUKHYM,M,54,0
ABDUMALIK,M,53,0
ABIN,M,53,0
ALBAN,M,53,17
ARDIAN,M,53,2
ARTASHES,M,53,0
BEKİR,M,53,3
DOĞAN,M,53,4
EDUARDS,M,53,0
ELIA,M,53,18
ERLAN,M,53,0
GRIGORY,M,53,0
GURBAN,M,53,0
HERSZ,M,53,14
HORACIO,M,53,65
IMAN,M,53,5
INDRA,M,53,7
IZAK,M,53,19
JOSH,M,53,16
JULES,M,53,34
KAPIL,M,53,0
LAURENCE,M,53,48
MHER,M,53,0
MICHAËL,M,53,22
MIHAILS,M,53,0
MIKHAEL,M,53,6
MOUNIR,M,53,11
NEBOJŠA,M,53,0
NODIRJON,M,53,0
ORION,M,53,39
OZODBEK,M,53,0
PELEG,M,53,0
PREDRAG,M,53,0
RIZWAN,M,53,13
SAJAN,M,53,5
SARVARBEK,M,53,0
STAN,M,53,70
TADEVUSH,M,53,2
ZEESHAN,M,53,10
ABDALLA,M,52,18
ALTYNBEK,M,52,0
ARTEMIY,M,52,0
BILEL,M,52,7
BOBURJON,M,52,0
CENGIZ,M,52,4
DAUREN,M,52,0
DYMYTRO,M,52,0
EKO,M,52,14
ENEASZ,M,52,28
FREDERICO,M,52,11
FUAT,M,52,7
GEGHAM,M,52,0
GONÇALO,M,52,15
GOVINDA,M,52,4
GÜRKAN,M,52,9
HUMBERTO,M,52,115
I PUTU,M,52,0
JAMSHIDBEK,M,52,0
JESUS DAVID,M,52,0
KABIR,M,52,8
KASJUSZ,M,52,27
KESHAV,M,52,7
KÉVIN,M,52,10
MUHARREM,M,52,4
MURTAZ,M,52,0
MÜSLÜM,M,52,3
NASSIM,M,52,4
NATNAEL,M,52,0
OLEXIY,M,52,0
OSVALDO,M,52,30
PAULIUS,M,52,0
RAMZES,M,52,56
REY,M,52,20
RONY,M,52,5
RUEL,M,52,0
SAAR,M,52,0
SADIG,M,52,0
SEZER,M,52,6
SREEJITH,M,52,0
SULIKO,M,52,0
TIMOTHÉE,M,52,4
TOKHIR,M,52,0
VÁCLAV,M,52,4
WARREN,M,52,40
WASEEM,M,52,15
ADHAM,M,51,8
ALGIMENT,M,51,8
ARNALDO,M,51,21
BABAK,M,51,0
DEV,M,51,29
FRANCISCUS,M,51,54
GODWIN,M,51,9
HAFIZ,M,51,4
HENNING,M,51,20
IFEANYI,M,51,42
INNOCENT,M,51,18
ISAC,M,51,4
KAKHRAMON,M,51,0
KOLIN,M,51,8
LENNART,M,51,46
LENNOX,M,51,12
LUCIEN,M,51,70
LUIS CARLOS,M,51,0
MATTHÄUS,M,51,30
MIKLÓS,M,51,9
NIRAJ,M,51,0
NITZAN,M,51,0
RADOSZ,M,51,9
RANJITH,M,51,3
SABUHI,M,51,0
SEWER,M,51,40
TERENCE,M,51,23
TOYLY,M,51,0
VINICIUS,M,51,49
VOJTĚCH,M,51,0
XAVERY,M,51,15
ÐÌNH,M,51,8
ABHIJITH,M,50,0
AGUSTÍN,M,50,46
ARTURS,M,50,0
ARWID,M,50,12
ARZU,M,50,0
ASHWIN,M,50,9
BASTIEN,M,50,10
BENEDICT,M,50,53
CELAL,M,50,13
CHIRILL,M,50,0
CORNELIUS,M,50,38
DANIYAL,M,50,2
DONIYORBEK,M,50,0
DURGA,M,50,7
EDDY,M,50,17
ELMIN,M,50,0
GENADIUSZ,M,50,5
GERT,M,50,15
GHULAM,M,50,6
GÖRKEM,M,50,23
HNAT,M,50,0
HOSSAM,M,50,5
HOÀNG,M,50,35
IKHTIYOR,M,50,0
ILYOS,M,50,0
ISSA,M,50,15
KRISTOPHER,M,50,26
LARRY,M,50,12
LINAS,M,50,2
MAAYAN,M,50,0
MADDOX,M,50,9
MADHU,M,50,2
MANIKANDAN,M,50,0
MAOR,M,50,4
MIKKO,M,50,4
MING,M,50,12
MITKO,M,50,0
NICOLO,M,50,4
NOZIMJON,M,50,0
RAJEEV,M,50,3
RAJKUMAR,M,50,6
ROBERTS,M,50,8
SANG,M,50,16
SAULIUS,M,50,3
SERGUEI,M,50,0
SOUFIANE,M,50,4
STAVROS,M,50,7
TARLAN,M,50,0
TED,M,50,62
TEDDY,M,50,26
TUAN ANH,M,50,3
UTTAM,M,50,0
VARLAM,M,50,0
VASILIY,M,50,0
YERBOL,M,50,0
ÁKOS,M,50,13
ÖNDER,M,50,9
ABDELAZIZ,M,49,17
ADALAT,M,49,0
AMJAD,M,49,17
ANUP,M,49,0
ARTJOMS,M,49,0
ASKANIUSZ,M,49,15
BAKURI,M,49,0
BALAJI,M,49,6
BASSEM,M,49,6
BENGT,M,49,13
BIBIN,M,49,0
BUNYOD,M,49,0
CALLUM,M,49,8
CUONG,M,49,43
DIMITRII,M,49,3
HEORHIY,M,49,0
JOHNSON,M,49,26
JOSIP,M,49,6
JOSZKO,M,49,11
JOY,M,49,19
JÉRÉMY,M,49,8
KAYETAN,M,49,8
KULDEEP,M,49,4
LAUTARO,M,49,14
LIBOR,M,49,2
LUTOSŁAW,M,49,35
MANH,M,49,21
MIRZOKHID,M,49,0
MOHD,M,49,5
MOHSEN,M,49,23
OBIDJON,M,49,0
OLEKSA,M,49,3
OZ,M,49,12
RAKHIM,M,49,0
ROBERTAS,M,49,0
ROEE,M,49,0
SIDNEY,M,49,24
SUJITH,M,49,3
TANAKA,M,49,30
TOMAŠ,M,49,0
UTKIRBEK,M,49,0
VINH,M,49,46
YEFERSON,M,49,0
AIAZ,M,48,0
ALMOG,M,48,0
ANDRIIAN,M,48,0
ARARAT,M,48,0
AYUSH,M,48,3
BAHRAM,M,48,0
BEZHAN,M,48,0
CELSO,M,48,6
CHYNGYZ,M,48,0
DARKHAN,M,48,0
DENNY,M,48,6
DIONIS,M,48,0
ELSEVAR,M,48,0
EWAN,M,48,30
GERGELY,M,48,8
IHSAN,M,48,10
JAIR,M,48,49
JAMOLIDDIN,M,48,0
JAREMI,M,48,45
KENZO,M,48,9
KLIMEK,M,48,5
KRISTAPS,M,48,5
KÁROLY,M,48,22
LIN,M,48,6
LIRON,M,48,2
MAARTEN,M,48,13
MARLEN,M,48,0
MIRIANI,M,48,0
MOHSIN,M,48,14
MUHAMMADJON,M,48,0
MUKHRIDDIN,M,48,0
NOUREDDINE,M,48,4
NURULLAH,M,48,4
RADIM,M,48,4
ROMEL,M,48,0
SAIMON,M,48,11
SAMMY,M,48,5
SERVET,M,48,3
SHAUL,M,48,19
SILVIU,M,48,5
SIVA,M,48,3
TARUN,M,48,3
TILEK,M,48,0
WILFREDO,M,48,5
YOUNG,M,48,33
YURA,M,48,0
ÐỨC,M,48,29
ŞAHİN,M,48,7
ACHILLES,M,47,54
ACHRAF,M,47,10
AMIRKHAN,M,47,0
APOSTOLOS,M,47,7
ARAYIK,M,47,0
ASHUTOSH,M,47,0
ATILLA,M,47,12
BASSAM,M,47,17
BEKHRUZ,M,47,0
BOBBY,M,47,6
DHAN,M,47,2
DONATAN,M,47,18
DOĞUKAN,M,47,9
ELMUROD,M,47,0
FARIDUN,M,47,0
FEODOR,M,47,0
FERUZ,M,47,0
FRANKO,M,47,4
GERARDUS,M,47,69
HENADII,M,47,0
HENDRIKUS,M,47,41
IAKOB,M,47,0
IHNATII,M,47,0
IOANE,M,47,0
IZAJASZ,M,47,45
JAHANGIR,M,47,7
KASIM,M,47,10
KASPAR,M,47,17
KHASANBOY,M,47,0
KISHOR,M,47,30
KUDAKWASHE,M,47,27
MANPREET,M,47,0
MELİH,M,47,18
MUNASHE,M,47,30
MYCHAJLO,M,47,0
NASIM,M,47,11
NAVEED,M,47,11
NEERAJ,M,47,0
OKTAVIAN,M,47,10
PANAJOTIS,M,47,12
PAVAN,M,47,5
QUOC,M,47,4
RAMY,M,47,6
RANI,M,47,0
RISHI,M,47,6
RODERICK,M,47,14
RONAN,M,47,10
ROSEN,M,47,2
SAJID,M,47,9
SAJJAD,M,47,9
SAMED,M,47,9
SEMİH,M,47,11
SHAKED,M,47,0
SHIVAM,M,47,2
SØREN,M,47,5
TIZIANO,M,47,9
VIDADI,M,47,0
VILEN,M,47,0
WIELISŁAW,M,47,7
WITEK,M,47,18
YALÇIN,M,47,2
YEFIM,M,47,0
YOHAN,M,47,8
ZAALI,M,47,0
ZDOBYSŁAW,M,47,46
İSA,M,47,0
AAKASH,M,46,2
ALMAS,M,46,0
ANDRI,M,46,2
ANTONIN,M,46,11
ARBI,M,46,5
ARYSTARKH,M,46,0
AVNER,M,46,2
BAHRUZ,M,46,0
BASANTA,M,46,0
BENITO,M,46,36
BILLY,M,46,11
CENGİZ,M,46,0
CESARE,M,46,22
CÉSAR,M,46,41
DIMITRIS,M,46,18
EDI,M,46,7
ELBRUS,M,46,0
FINLEY,M,46,8
GABRIELI,M,46,0
GUENTER,M,46,22
HANY,M,46,15
HIKMAT,M,46,5
I KETUT,M,46,0
IASON,M,46,0
KASPARS,M,46,0
KRISTÓF,M,46,8
LAVI,M,46,9
MARCIO,M,46,9
MARTYNAS,M,46,2
MAZEN,M,46,2
MILAD,M,46,10
MILANO,M,46,16
MÁRK,M,46,14
NATANEL,M,46,9
PAWLO,M,46,2
PĀVELS,M,46,0
RENAN,M,46,5
SARDAR,M,46,5
TATO,M,46,0
THADDEUS,M,46,56
TROJAN,M,46,22
VAKHID,M,46,0
VELI,M,46,6
WILLIAN,M,46,10
YOUNESS,M,46,0
ZEFIRYN,M,46,49
ABDURAKHMON,M,45,0
ADONIS,M,45,9
AIDIN,M,45,0
ALISTAIR,M,45,20
ANDŽEJ,M,45,0
ANUAR,M,45,2
ARCADIE,M,45,0
ARVIND,M,45,13
ASHIK,M,45,2
AUGUSTINE,M,45,42
BHIM BAHADUR,M,45,0
BINU,M,45,0
BIRENDRA,M,45,0
CHRISTIAAN,M,45,48
DANIËL,M,45,20
DANYYL,M,45,0
DIEGO ALEJANDRO,M,45,0
EDISHER,M,45,0
EVER,M,45,2
EVREN,M,45,4
FEI,M,45,0
GAREGIN,M,45,0
GIGLA,M,45,0
GUNNAR,M,45,63
HUBERTUS,M,45,47
IASHAR,M,45,0
KARL-HEINZ,M,45,28
KARTHIKEYAN,M,45,0
KHURSHIDBEK,M,45,0
KOSTEK,M,45,20
MAKSUD,M,45,0
METEHAN,M,45,7
MURAZ,M,45,0
RAÚL,M,45,40
REINALDO,M,45,16
RENZO,M,45,7
RIZA,M,45,34
SALWADOR,M,45,31
SASHO,M,45,0
SHALOM,M,45,41
SIDDHARTH,M,45,4
SUAT,M,45,7
TALEH,M,45,0
TOMASH,M,45,0
UTKIR,M,45,0
VĂN TUẤN,M,45,0
YAAKOV,M,45,60
YEFREM,M,45,0
AAMIR,M,44,7
AASHISH,M,44,0
ABHINAV,M,44,2
AFGAN,M,44,0
AKBARJON,M,44,0
AKYLBEK,M,44,0
ALDIN,M,44,6
ALFIE,M,44,7
AMANDEEP,M,44,0
ANANDHU,M,44,0
ANH TUẤN,M,44,0
ARBEN,M,44,3
ATHUL,M,44,0
BADR,M,44,7
BAKHROMJON,M,44,0
BASHIR,M,44,14
BEGLAR,M,44,0
BODO,M,44,31
CHETAN,M,44,3
DANIAL,M,44,4
DON,M,44,17
DUSZAN,M,44,23
EDSON,M,44,5
FARHAN,M,44,18
FARUKH,M,44,0
GERMÁN,M,44,15
GIEDRIUS,M,44,0
GUNTER,M,44,24
HOWARD,M,44,78
IKER,M,44,8
ILGAM,M,44,0
ISAK,M,44,6
JALIL,M,44,7
JEISON,M,44,0
KAMO,M,44,2
KISHORE,M,44,14
KOMIL,M,44,0
LEONHARD,M,44,34
LESLIE,M,44,77
LUIS MIGUEL,M,44,0
MENDEL,M,44,36
MIKAYEL,M,44,0
MISHIKO,M,44,0
MOH,M,44,0
PADAM,M,44,0
PATRICE,M,44,31
POLAD,M,44,0
QUANG HUY,M,44,0
REMZI,M,44,11
SAKHAVAT,M,44,0
SHADI,M,44,7
SOHEL,M,44,8
SUKHWINDER,M,44,0
SYIMYK,M,44,0
TAMIRLAN,M,44,0
TAYLOR,M,44,33
TRỌNG,M,44,16
UGUR,M,44,8
UMEDJON,M,44,0
VICTOR MANUEL,M,44,0
WILMAR,M,44,0
XIANG,M,44,2
YESID,M,44,100
ÇAĞRI,M,44,22
ŚCIBOR,M,44,64
ŠIMON,M,44,0
ABDERRAHMANE,M,43,4
AJIT,M,43,12
AKRAMJON,M,43,0
ANKUR,M,43,0
BAKHTIAR,M,43,0
BAKYTBEK,M,43,0
BARTLOMIEJ,M,43,38
BERKAN,M,43,11
BOTIRJON,M,43,0
DAVUD,M,43,0
DIETRICH,M,43,32
ELVAR,M,43,0
ELWIS,M,43,35
ELYAS,M,43,9
FRANCISCO JAVIER,M,43,0
GEDE,M,43,32
GEDIMINAS,M,43,2
GORDIAN,M,43,10
GRIGORIJ,M,43,3
HRANT,M,43,0
IGAL,M,43,8
IGORI,M,43,0
JATINDER,M,43,0
JOSELITO,M,43,0
KHAIAL,M,43,0
LLOYD,M,43,50
LUKYAN,M,43,0
MAMADOU,M,43,3
MAMIA,M,43,0
MARK ANTHONY,M,43,0
MARTINUS,M,43,37
MELIH,M,43,7
MIKKEL,M,43,6
MOISEI,M,43,0
MÁRIO,M,43,10
OLIM,M,43,0
PARDEEP,M,43,0
RAMIS,M,43,2
RASMUS,M,43,7
RATHEESH,M,43,0
RIAD,M,43,6
RIFAT,M,43,5
ROVSHEN,M,43,0
RUSTAMBEK,M,43,0
RĂZVAN,M,43,7
SEYED,M,43,2
SOBIR,M,43,0
SONG,M,43,7
SOREN,M,43,14
SRINU,M,43,0
STELIAN,M,43,6
TAPIWA,M,43,20
THIBAUT,M,43,5
TIHOMIR,M,43,5
TURGAY,M,43,2
VAIBHAV,M,43,3
WAQAS,M,43,4
YULIYAN,M,43,3
ZHORA,M,43,0
ZURIKO,M,43,0
ŁADYSŁAW,M,43,116
AMANGELDI,M,42,0
ARKADIUS,M,42,17
ATAJAN,M,42,0
BAGRAT,M,42,0
BLESSING,M,42,20
BOLESLAV,M,42,0
BÉLA,M,42,8
CAMIL,M,42,13
CLEMENT,M,42,24
CÔNG,M,42,13
CÜNEYT,M,42,8
DATUNA,M,42,0
DENIEL,M,42,2
DHRUV,M,42,2
DONATO,M,42,14
DOTAN,M,42,0
GENNADIJ,M,42,0
GÁSPÁR,M,42,0
HAKKI,M,42,26
HENRIKH,M,42,0
HUI,M,42,3
IZMAIL,M,42,0
JALOLIDDIN,M,42,0
JESSIE,M,42,5
JOËL,M,42,30
JUAN JOSE,M,42,0
KIRIŁ,M,42,6
KIRYŁ,M,42,4
KOBILJON,M,42,0
KUBANYCHBEK,M,42,0
LORIS,M,42,6
MERTCAN,M,42,5
METE,M,42,38
NICOLO',M,42,2
NIKON,M,42,5
ODIL,M,42,0
OLLY,M,42,0
OTMAR,M,42,23
PARAHAT,M,42,0
PURNA,M,42,2
RUDY,M,42,8
SAMEH,M,42,20
SANJAYA,M,42,2
SANTOS,M,42,67
SATHISH,M,42,0
SHIRKHAN,M,42,0
SHOKHJAKHON,M,42,0
SOBIRJON,M,42,0
SUHROB,M,42,0
SZMUL,M,42,6
TADEO,M,42,29
TADIWANASHE,M,42,26
TERRY,M,42,27
TROY,M,42,20
TUNAHAN,M,42,7
TURGUT,M,42,8
TUSHAR,M,42,6
XU,M,42,6
YALI,M,42,0
ZAYN,M,42,15
ZIYA,M,42,10
ZUKHRIDDIN,M,42,0
ABDULLOKH,M,41,0
ABDURASUL,M,41,0
ADKHAMJON,M,41,0
AKHMADJON,M,41,0
AKYM,M,41,0
ALY,M,41,28
AMRAKH,M,41,0
ANTIN,M,41,0
ANTONIUSZ,M,41,104
ANURAG,M,41,0
ARNON,M,41,2
ARŪNAS,M,41,0
ASHTON,M,41,16
ASLANBEK,M,41,0
AVENIR,M,41,0
BABEK,M,41,0
BARIS,M,41,5
BENJAMÍN,M,41,10
BENNO,M,41,15
BERDIA,M,41,0
CASEY,M,41,23
CHANDAN,M,41,3
CHENG,M,41,5
CHIRAG,M,41,4
CONG,M,41,13
COSIMO,M,41,10
CRISTOBAL,M,41,17
CYRUS,M,41,37
DAINIUS,M,41,0
DEVENDRA,M,41,6
DUNCAN,M,41,41
EDVINAS,M,41,0
EMRULLAH,M,41,0
FARKHODJON,M,41,0
GARRY,M,41,10
GAUTAM,M,41,5
GIENNADIJ,M,41,4
GIGI,M,41,0
GURPREET SINGH,M,41,2
HATEM,M,41,9
HISHAM,M,41,15
HORDIEI,M,41,0
ILLJA,M,41,0
JAVIDAN,M,41,0
JEAN CARLOS,M,41,0
JONG,M,41,5
KAMANDAR,M,41,0
KAMOL,M,41,0
KENNY,M,41,17
KHACHIK,M,41,0
KĘSTUTIS,M,41,0
LATIF,M,41,14
LAZARE,M,41,3
LUBOMYR,M,41,0
MANUCHEHR,M,41,0
MARUFJON,M,41,0
MATHIS,M,41,7
NAHUEL,M,41,58
NICOLAAS,M,41,36
NICU,M,41,3
OGABEK,M,41,0
OLEGI,M,41,0
OŁEKSANDR,M,41,0
PATRIZIO,M,41,3
PIERO,M,41,20
PRZEMEK,M,41,29
RABINDRA,M,41,0
RAIMONDS,M,41,0
RAJIV,M,41,2
RAM BAHADUR,M,41,0
RODNEY,M,41,24
RORY,M,41,8
RUPESH,M,41,2
RYCHARD,M,41,5
SEZGIN,M,41,6
SHAHZAD,M,41,19
SHUKHRATJON,M,41,0
SHUKUR,M,41,0
SINIŠA,M,41,0
SOHAIL,M,41,12
SONU,M,41,0
TEOMAN,M,41,4
TINO,M,41,7
TYHRAN,M,41,0
VAN THANH,M,41,0
WENANTY,M,41,98
ZAWISZA,M,41,143
İRFAN,M,41,3
ŞÜKRÜ,M,41,6
ABDULKADİR,M,40,0
ADAR,M,40,4
ADILKHAN,M,40,0
ADRIANUS,M,40,49
ANOUAR,M,40,4
ANUJ,M,40,2
ARKHIP,M,40,0
ASWIN,M,40,0
ATIF,M,40,13
BENI,M,40,2
BIPIN,M,40,3
CASIMIR,M,40,64
CATALIN,M,40,19
CHANG,M,40,8
CUMA,M,40,0
EITHAN,M,40,0
ELIE,M,40,21
ENIS,M,40,8
EPHRAIM,M,40,12
GASPARD,M,40,13
GODFREY,M,40,8
HARRI,M,40,2
HERMES,M,40,8
HRACHYA,M,40,0
IHNATSI,M,40,0
IKBOLJON,M,40,0
ILIR,M,40,2
IVICA,M,40,2
JANAK,M,40,0
JEAN-LUC,M,40,14
JEAN-PAUL,M,40,21
JEAN-PHILIPPE,M,40,3
JOSE DAVID,M,40,0
JUNAID,M,40,10
KALIKST,M,40,75
KURBAN,M,40,0
LAL,M,40,101
LEÓN,M,40,21
LIAVON,M,40,0
LÉONARD,M,40,6
MASUD,M,40,7
MAYANK,M,40,2
MERGEN,M,40,0
NERIJUS,M,40,0
OBINNA,M,40,69
QI,M,40,2
RADIK,M,40,0
RAMU,M,40,2
RAULI,M,40,0
REMUS,M,40,7
RIO,M,40,10
ROBERTI,M,40,0
ROLANDAS,M,40,0
RZA,M,40,0
SAVAŞ,M,40,2
SLAWOMIR,M,40,73
SPYRIDON,M,40,6
SUBIN,M,40,0
SUNIL KUMAR,M,40,0
THÀNH,M,40,33
TOFIG,M,40,0
TOFIK,M,40,0
ULAŞ,M,40,17
UMED,M,40,0
WILHELMUS,M,40,73
ZHASSULAN,M,40,0
ZOKIR,M,40,0
ÁLVARO,M,40,4
ABDERRAHIM,M,39,4
AKHROR,M,39,0
AKMYRAT,M,39,0
AMNON,M,39,0
ARAIK,M,39,2
ARAVIND,M,39,2
ARGEN,M,39,0
ARİF,M,39,6
BAKARI,M,39,3
BAKHTIYORJON,M,39,0
BAKYT,M,39,0
BEKZHAN,M,39,0
DAYANCH,M,39,0
DEMUR,M,39,0
DIDAR,M,39,0
DZHABRAIL,M,39,0
EDGARD,M,39,20
EGIDIJUS,M,39,0
ELIOTT,M,39,4
EMİN,M,39,72
ERSIN,M,39,5
GARNIK,M,39,0
HAGAI,M,39,2
HEINC,M,39,27
HICHEM,M,39,3
HOSSEIN,M,39,15
HOUSSEM,M,39,3
HRYHORY,M,39,0
ILHOM,M,39,0
ISMOILJON,M,39,0
IVARS,M,39,0
JAE,M,39,12
JEAN-MARC,M,39,9
JERIN,M,39,0
JERSON,M,39,0
JIM,M,39,19
KAROLIS,M,39,0
KILLIAN,M,39,8
KUANYSH,M,39,0
LOÏC,M,39,14
LUBOSZ,M,39,10
MAKHMUDJON,M,39,0
MATAS,M,39,2
MATIN,M,39,5
MORRIS,M,39,22
MUHAMED,M,39,9
MUNYARADZI,M,39,16
MĀRTIŅŠ,M,39,0
NASER,M,39,15
NIKOLAJS,M,39,0
NOÉ,M,39,7
NİHAT,M,39,2
OKTAI,M,39,0
ONDREJ,M,39,6
OǦUZHAN,M,39,4
PARVIN,M,39,0
RAMADAN,M,39,34
RUBEN DARIO,M,39,0
RUSLANI,M,39,0
SHOKHRUKHBEK,M,39,0
SLAVA,M,39,0
TAWANDA,M,39,24
TEDO,M,39,0
THÉODORE,M,39,9
TULKIN,M,39,0
TYMEK,M,39,10
VAHAGN,M,39,2
VASCO,M,39,15
VAZGEN,M,39,2
VĂN HÙNG,M,39,0
YAACOV,M,39,24
YEFYM,M,39,0
ZAC,M,39,10
ZENOVIY,M,39,0
ZHANDOS,M,39,0
ÁRPÁD,M,39,12
ABRORJON,M,38,0
ABUL,M,38,8
ADRIAAN,M,38,36
AITOR,M,38,2
ANJEI,M,38,0
ARVIN,M,38,4
AVAZ,M,38,0
BAKHODIRJON,M,38,0
BARTU,M,38,0
BEHRUZ,M,38,0
BEKSULTAN,M,38,0
BERNARDYN,M,38,85
CHARALAMPOS,M,38,3
CHI,M,38,11
DERRICK,M,38,24
DESMOND,M,38,19
DHAN BAHADUR,M,38,0
DOMINGO,M,38,38
EFREM,M,38,22
ELMURAZ,M,38,0
ELYORBEK,M,38,0
EMIRHAN,M,38,3
EVYATAR,M,38,0
FREDDIE,M,38,9
GINTARAS,M,38,4
GUMBAT,M,38,0
HAN,M,38,30
HARY,M,38,10
HIMAL,M,38,0
IONUȚ,M,38,5
IOSYP,M,38,0
ISKANDER,M,38,6
IVERI,M,38,0
JAD,M,38,0
JEAN-BAPTISTE,M,38,18
JOAKIM,M,38,23
JOSE ANTONIO,M,38,0
KARLOS,M,38,21
KHOJIAKBAR,M,38,0
LEONCJUSZ,M,38,4
LIVIO,M,38,4
MADHAV,M,38,8
MD ABDUL,M,38,0
MEHMAN,M,38,0
MICKAËL,M,38,14
MIRAS,M,38,0
MIRCO,M,38,0
MUROD,M,38,0
MUSHFIG,M,38,0
MÁRTON,M,38,3
MÜCAHİT,M,38,4
ODYS,M,38,16
PIYUSH,M,38,0
PROSPER,M,38,30
PRZYBYSŁAW,M,38,115
QUAN,M,38,32
RAFFAEL,M,38,18
RAKHIB,M,38,0
RAMUALD,M,38,0
RENALD,M,38,27
RUDRA,M,38,2
SABER,M,38,11
SAHAR,M,38,3
SAMAN,M,38,10
SAVERIO,M,38,15
SHASHANK,M,38,0
STEWART,M,38,68
SULAIMAN,M,38,11
SUNDAR,M,38,4
TADEUSH,M,38,2
TADEY,M,38,0
TOAN,M,38,18
TRONG,M,38,9
VLADAN,M,38,0
WILLIBALD,M,38,18
YAHIA,M,38,4
YAĞIZ,M,38,13
YUSUKE,M,38,0
ZACHEUSZ,M,38,22
ZAFARJON,M,38,0
ZOKIRJON,M,38,0
İHSAN,M,38,15
İLYAS,M,38,2
ALEKSANDRAS,M,37,0
AMANUEL,M,37,4
AMEER,M,37,9
ANIBAL,M,37,55
ANTAL,M,37,6
ARAD,M,37,0
ARASH,M,37,8
ARJAN,M,37,6
ARLO,M,37,12
AURÉLIEN,M,37,8
BRETT,M,37,16
CASPAR,M,37,17
CRISTIAN DAVID,M,37,0
DARIUSH,M,37,6
DRAGOŞ,M,37,2
ECKHARD,M,37,23
ELMADDIN,M,37,0
FAN,M,37,0
FAYZULLO,M,37,0
GERALT,M,37,86
GORDII,M,37,0
GOTTFRIED,M,37,33
HANNES,M,37,21
HÙNG,M,37,49
HỮU,M,37,4
IAIN,M,37,22
IALCHIN,M,37,0
JEFF,M,37,14
JORIS,M,37,7
JÉRÉMIE,M,37,7
KAILASH,M,37,3
KENNEDY,M,37,18
KRISTIJAN,M,37,0
MAICOL,M,37,0
MARCELINO,M,37,23
MARTIJN,M,37,18
MARWIN,M,37,6
MATHEO,M,37,13
MILIAN,M,37,7
MIRJALOL,M,37,0
MONIR,M,37,10
MOR,M,37,2
MẠNH,M,37,21
NASIB,M,37,0
NIDAL,M,37,6
NISHAN,M,37,0
NURDAULET,M,37,0
ORIFJON,M,37,0
RAJESH KUMAR,M,37,0
RANA,M,37,7
RAOUL,M,37,17
REX,M,37,16
RILEY,M,37,23
RUSLANS,M,37,0
SADDAM,M,37,2
SANAT,M,37,0
SHUAI,M,37,0
SWIATOSLAW,M,37,0
TOKHIRJON,M,37,0
TROKHYM,M,37,0
VAN TUAN,M,37,0
VEPKHIA,M,37,0
VÍCTOR,M,37,4
VĂN NAM,M,37,0
VĂN THÀNH,M,37,0
YANKO,M,37,0
ZLATKO,M,37,5
ZURA,M,37,0
İLHAN,M,37,2
ADEEL,M,36,3
AHSAN,M,36,13
AJMAL,M,36,4
ALBEIRO,M,36,50
ALDRIN,M,36,2
ALWARO,M,36,9
ANSAR,M,36,4
ANTANAS,M,36,4
APOLLO,M,36,46
ARSHAD,M,36,13
BENYAMIN,M,36,9
BISER,M,36,2
BITCHIKO,M,36,0
BÁLINT,M,36,3
CHRISTO,M,36,11
CLINTON,M,36,20
CĂLIN,M,36,5
DANYYIL,M,36,0
DAWIT,M,36,7
DEIVIDAS,M,36,0
ENRIKO,M,36,2
ERNESTYN,M,36,30
ERWAN,M,36,8
FARKHAD,M,36,0
FERNEY,M,36,60
FLORENT,M,36,26
GHASSAN,M,36,13
GHENADII,M,36,0
GOTHARD,M,36,17
HOVIK,M,36,0
HUGH,M,36,61
JANI,M,36,6
JANKIEL,M,36,7
JAWAD,M,36,12
JEREMIUSZ,M,36,12
JUHA,M,36,4
JÖRN,M,36,4
KESHAB,M,36,0
KOEN,M,36,4
KOSTA,M,36,4
LENARD,M,36,12
LENNARD,M,36,4
MAN BAHADUR,M,36,0
MANFRYD,M,36,10
MANSOUR,M,36,11
MANSURJON,M,36,0
MUAMMER,M,36,4
MUNIR,M,36,7
MURADI,M,36,0
NIMA,M,36,4
NURUL,M,36,17
OM,M,36,3
PHRIDON,M,36,0
PRESTON,M,36,22
ROEY,M,36,2
ROGELIO,M,36,12
ROMANS,M,36,0
SABIT,M,36,0
SAMAD,M,36,7
SARAVANAN,M,36,0
SHAKRO,M,36,0
SHAVKATJON,M,36,0
SHIV,M,36,4
SIMÓN,M,36,15
SONAM,M,36,2
SOURAV,M,36,0
STAWROS,M,36,17
STOJAN,M,36,7
SWIATOSŁAW,M,36,0
TAKESHI,M,36,4
TILAK,M,36,0
TITUS,M,36,18
VALENTINE,M,36,32
VICTOR ALFONSO,M,36,0
VJAČESLAVS,M,36,0
WIRGINIUSZ,M,36,47
YACOUB,M,36,4
YANOSH,M,36,0
YARIV,M,36,4
ABDURAKHIM,M,35,0
ABDURASHID,M,35,0
ADAN,M,35,21
ADLAN,M,35,0
ANIL KUMAR,M,35,0
ASEP,M,35,0
ATUL,M,35,4
BARTHOLOMEW,M,35,18
BEKTUR,M,35,0
BOBOMUROD,M,35,0
BOLAT,M,35,0
BRAM,M,35,9
CARTER,M,35,28
CRISTOPHER,M,35,9
DANEK,M,35,23
DARIY,M,35,0
DAVLAT,M,35,0
DECLAN,M,35,16
DEMETRIUSZ,M,35,21
DEONIZY,M,35,24
DIEGO ARMANDO,M,35,0
EDDIE,M,35,15
EDILBERTO,M,35,5
EDNAR,M,35,0
EDUAR,M,35,3
ELISEY,M,35,0
ELSAYED,M,35,54
ERTUĞRUL,M,35,3
ESLAM,M,35,3
GAVRIL,M,35,0
GEORGIS,M,35,6
HAIDER,M,35,17
HANAN,M,35,13
HANS-JÜRGEN,M,35,6
HONORIUSZ,M,35,45
HUNTER,M,35,43
HYUSEIN,M,35,7
HẢI,M,35,22
INOMJON,M,35,0
ISROIL,M,35,0
IVANS,M,35,0
JAMBULI,M,35,0
JAVAD,M,35,0
JISHNU,M,35,0
JUAN MANUEL,M,35,0
KAMİL,M,35,11
KAZI,M,35,0
KHANLAR,M,35,0
KISHAN,M,35,5
KOSTADIN,M,35,4
KRISTIÁN,M,35,0
LESTER,M,35,30
LIAD,M,35,0
LORENZ,M,35,37
LOTFI,M,35,4
MARJAN,M,35,7
MICAH,M,35,12
MKRTICH,M,35,0
MUKHRAN,M,35,0
MURMANI,M,35,0
NAZIR,M,35,11
NIDHIN,M,35,0
NIRANJAN,M,35,7
RADOSLAW,M,35,47
RASTISLAV,M,35,4
ROEL,M,35,0
SALOKHIDDIN,M,35,0
SANDOR,M,35,15
SANDU,M,35,2
SUBHAN,M,35,3
SUBHASH,M,35,21
SUMON,M,35,3
TALEKH,M,35,0
TIHON,M,35,0
TIMOFIEI,M,35,0
TUNA,M,35,12
TUNG,M,35,28
UGO,M,35,7
UROŠ,M,35,0
VĂN HẢI,M,35,0
VĂN THẮNG,M,35,0
WASIM,M,35,6
YAHAV,M,35,0
YAKOUB,M,35,9
YAQUB,M,35,6
YASER,M,35,12
YHLAS,M,35,0
ZHIVKO,M,35,0
ABRORBEK,M,34,0
AGRON,M,34,3
AGSHIN,M,34,0
AGUNG,M,34,15
ATLAS,M,34,9
AVIAD,M,34,7
BAKHTIIAR,M,34,0
BASHAR,M,34,6
BHUWAN,M,34,0
BYRON,M,34,18
CENK,M,34,9
CHESTER,M,34,40
CONSTANTINE,M,34,36
CORENTIN,M,34,5
DHIRAJ,M,34,0
EFRAIN,M,34,25
ELIYAHU,M,34,26
ENDER,M,34,4
ERTAN,M,34,4
ESAT,M,34,11
ESHGIN,M,34,0
FIKRET,M,34,0
FRYC,M,34,29
GAD,M,34,6
GEERT,M,34,12
GHENADI,M,34,0
GIANMARCO,M,34,0
GIRISH,M,34,9
HADAR,M,34,0
HALİT,M,34,6
HERVÉ,M,34,21
HIROYUKI,M,34,0
HITESH,M,34,4
HUSNIDDIN,M,34,0
IMMANUEL,M,34,40
IMRI,M,34,0
ISHWOR,M,34,0
JIBIN,M,34,0
KARLEN,M,34,0
KHAYRULLO,M,34,0
KHURRAM,M,34,4
KHUSANBOY,M,34,0
KJELL,M,34,4
KOMANG,M,34,15
KOMRON,M,34,0
KOTE,M,34,0
KRISHNA BAHADUR,M,34,0
LEANDER,M,34,27
LINO,M,34,10
LIO,M,34,5
MADIYAR,M,34,0
MAHMOOD,M,34,24
MALTE,M,34,13
MAREKS,M,34,0
MASOUD,M,34,11
MATWII,M,34,0
MAYUR,M,34,0
MEDET,M,34,0
MIODRAG,M,34,0
MIRO,M,34,15
NEMAT,M,34,0
NIKYTA,M,34,0
NORAYR,M,34,0
RADMIR,M,34,0
RAINHOLD,M,34,9
RANJEET,M,34,2
RASULJON,M,34,0
RAYYAN,M,34,3
SEYRAN,M,34,0
SHERWIN,M,34,0
SHOKIRJON,M,34,0
SRIKANTH,M,34,0
SRINIVASA,M,34,2
TAKUNDA,M,34,25
TEK,M,34,0
TETIANA,M,34,0
THEODORUS,M,34,46
TITO,M,34,6
TOMI,M,34,2
TRI,M,34,19
VIKTORAS,M,34,0
VILLE,M,34,4
WAHYU,M,34,23
WINFRYD,M,34,8
WOUTER,M,34,9
YEREMII,M,34,0
YERSON,M,34,0
YUAN,M,34,6
YUKI,M,34,5
YUSUFJON,M,34,0
YÜCEL,M,34,7
ZAK,M,34,9
ABDULKADIR,M,33,0
AGIM,M,33,0
AIKHAN,M,33,0
AKHRORBEK,M,33,0
ALEJO,M,33,13
ALONSO,M,33,111
AMADOU,M,33,13
ANASS,M,33,0
ARTAN,M,33,0
ARTEMI,M,33,6
BERTRAM,M,33,25
BJØRN,M,33,25
BRIGHT,M,33,10
CLIFFORD,M,33,30
CORRADO,M,33,14
CURTIS,M,33,22
DANCIU,M,33,0
DANILL,M,33,0
DANISLAV,M,33,0
DARSHAN,M,33,2
DEVIN,M,33,6
DEZYDERY,M,33,48
DINIS,M,33,7
DJAMEL,M,33,7
DUC ANH,M,33,4
EDER,M,33,3
EZEKIEL,M,33,13
FATHI,M,33,16
FAUSTO,M,33,10
FIZULI,M,33,0
GEDEON,M,33,34
GIORDANO,M,33,0
GRÉGOIRE,M,33,12
HARIKRISHNAN,M,33,0
HERNANDO,M,33,73
HESHAM,M,33,10
IANCU,M,33,0
ILKER,M,33,4
JAMOL,M,33,0
JAN KANTY,M,33,13
JASMIN,M,33,6
JENŐ,M,33,7
JEVGENIJS,M,33,0
JHONNY,M,33,0
JOHN JAIRO,M,33,0
JONNY,M,33,5
JUAN DIEGO,M,33,0
KARTIK,M,33,2
KENT,M,33,24
KHAMZA,M,33,0
LASSE,M,33,8
LINH,M,33,31
LYUBOMIR,M,33,0
MARTINS,M,33,10
MATĚJ,M,33,2
METODY,M,33,85
MIKOLAY,M,33,8
MOUSSA,M,33,7
MYLES,M,33,15
NAHID,M,33,0
NITESH,M,33,0
NORIK,M,33,2
PUTU,M,33,41
RAJIB,M,33,4
RASHYD,M,33,0
RAYEN,M,33,9
RICHÁRD,M,33,7
RIČARDAS,M,33,0
SALEEM,M,33,15
SEM,M,33,4
SHOKHZOD,M,33,0
STYLIANOS,M,33,5
TADAS,M,33,0
TAYLAN,M,33,16
TOMY,M,33,5
TUFAN,M,33,5
TUGAY,M,33,2
VAN THANG,M,33,0
WASSIM,M,33,4
YARIN,M,33,0
YELISIEI,M,33,0
YERKEBULAN,M,33,0
ZHANAT,M,33,0
ZIYAD,M,33,4
ZOKHIDJON,M,33,0
ÁRON,M,33,4
İSMET,M,33,2
ABDELHAK,M,32,0
ABDELHAMID,M,32,13
ADMIR,M,32,0
AIVARS,M,32,0
AKZHOL,M,32,0
ALAKBAR,M,32,0
ALIEV,M,32,8
ALPARSLAN,M,32,5
AMID,M,32,0
APOSTOLIS,M,32,5
ARDIT,M,32,0
ARIK,M,32,2
ARSHAK,M,32,0
ARUNKUMAR,M,32,4
AURIMAS,M,32,0
AVRAAM,M,32,0
BAHTIYOR,M,32,0
BENO,M,32,15
BORISI,M,32,0
COLLINS,M,32,12
DANIEL FELIPE,M,32,0
DANIYIL,M,32,0
DEMNA,M,32,0
DIAN,M,32,5
DILGAM,M,32,0
DIMAS,M,32,12
DURMISHKHAN,M,32,0
EL MEHDI,M,32,0
ELDIIAR,M,32,0
EMEKA,M,32,54
EUSTACHIUSZ,M,32,63
FABIANO,M,32,4
FARMAN,M,32,4
FERDI,M,32,4
GADIR,M,32,0
GALIB,M,32,0
GULOMJON,M,32,0
GUR,M,32,3
HAROON,M,32,15
HARPREET SINGH,M,32,0
HAZEM,M,32,7
HOSSAIN,M,32,55
HUU,M,32,4
IBROHIM,M,32,0
ILYES,M,32,5
INTIZAM,M,32,0
ISAAK,M,32,14
JANUS,M,32,30
JASPREET,M,32,0
JATIN,M,32,4
JEISSON,M,32,0
JESÚS,M,32,32
JIJO,M,32,0
JOSE MANUEL,M,32,0
JOZUE,M,32,23
JŰRGEN,M,32,40
KAIS,M,32,4
KENJI,M,32,11
KHAMID,M,32,2
KHEM,M,32,0
KNUT,M,32,11
KUN,M,32,3
LALIT,M,32,0
LAURYNAS,M,32,2
LUCCA,M,32,7
MELIK,M,32,4
MEVLUDI,M,32,0
MICHELANGELO,M,32,7
MILJAN,M,32,0
MILÁN,M,32,4
NACHMAN,M,32,10
NAMIR,M,32,10
NASSER,M,32,34
NAZMUL,M,32,6
NETRA,M,32,0
NGUYEN,M,32,17
NIAZI,M,32,2
NISHANT,M,32,0
NYASHA,M,32,13
NYKODYM,M,32,0
OLEGS,M,32,0
ORESTES,M,32,22
OZOD,M,32,0
PRASANTH,M,32,3
QASIM,M,32,17
RISTO,M,32,3
ROMA,M,32,4
RONAL,M,32,0
SAJITH,M,32,0
SALAM,M,32,22
SELAHATTİN,M,32,0
SHADY,M,32,4
SHAMSIDDIN,M,32,0
SHEIKH,M,32,4
SHER,M,32,5
SILVANO,M,32,10
SLAVI,M,32,0
STEVAN,M,32,11
STIWEN,M,32,16
SYMON,M,32,0
TANASII,M,32,0
THOR,M,32,44
TIBERIU,M,32,6
TIẾN,M,32,24
TOLIBJON,M,32,0
TRUONG,M,32,11
TURPAL-ALI,M,32,0
UGOCHUKWU,M,32,33
ULANBEK,M,32,0
UMUD,M,32,0
VASSILIY,M,32,0
VENTSISLAV,M,32,0
VIMAL,M,32,0
VĂN DŨNG,M,32,0
WASILIJ,M,32,5
WIESLAW,M,32,70
WOJSŁAW,M,32,13
YAUHENIY,M,32,0
YERASSYL,M,32,0
YEVSTAKHII,M,32,0
YOSSEF,M,32,19
YOUSIF,M,32,13
ZHANIBEK,M,32,0
ZHEN,M,32,0
ZOHRAB,M,32,0
ABDELKRIM,M,31,2
ABDURAHMON,M,31,0
AJAYA,M,31,0
AKOP,M,31,0
ALAM,M,31,34
ALEXSANDER,M,31,21
AMEDEO,M,31,6
AMON,M,31,22
AMRAH,M,31,0
ANGUS,M,31,29
ANTONÍN,M,31,0
ARCHIBALD,M,31,20
ARUN KUMAR,M,31,0
ARVYDAS,M,31,0
ASKHAB,M,31,0
ASSET,M,31,0
ATABEK,M,31,0
ATEF,M,31,18
BABU,M,31,100
BAKHRAM,M,31,0
BAKHRIDDIN,M,31,0
BONAWENTURA,M,31,303
BURKHARD,M,31,13
COREY,M,31,10
DAGOBERT,M,31,19
DAVOR,M,31,2
DEMURI,M,31,0
DEVRAN,M,31,4
DIEGO ANDRES,M,31,0
DIL BAHADUR,M,31,0
DILEEP,M,31,0
DIMITRIJ,M,31,7
EDO,M,31,3
ENEI,M,31,0
ERBOL,M,31,0
ERSİN,M,31,4
ESNEIDER,M,31,28
ETTORE,M,31,7
FEVZI,M,31,11
GAYRATJON,M,31,0
GENO,M,31,0
GÉZA,M,31,8
HA,M,31,16
HERI,M,31,4
HONORAT,M,31,47
HYUN,M,31,33
IGO,M,31,8
JADEN,M,31,7
JANKO,M,31,4
JAVANSHIR,M,31,0
JEAN-MICHEL,M,31,13
JEHOR,M,31,0
JING,M,31,3
JOHNATHAN,M,31,16
JOMAR,M,31,0
JUSTUS,M,31,19
KAKHI,M,31,0
KHUSEIN,M,31,0
KOJI,M,31,0
KUSHAL,M,31,0
LINCOLN,M,31,8
LOVEPREET,M,31,0
MANAS,M,31,4
MANJINDER,M,31,0
MORIS,M,31,7
NAEEM,M,31,7
NAGARAJU,M,31,0
NIK,M,31,3
NIZAM,M,31,3
NOOR,M,31,15
NVER,M,31,0
OBID,M,31,0
OTIS,M,31,6
PATRYCJAN,M,31,23
PHUONG,M,31,17
PINCHAS,M,31,24
POL,M,31,15
POUL,M,31,14
PRIDONI,M,31,0
RISHABH,M,31,0
RITESH,M,31,2
ROCKY,M,31,7
RUBÉN,M,31,24
RYO,M,31,3
SAVELIY,M,31,0
SELMAN,M,31,2
SILAS,M,31,11
SMBAT,M,31,0
SOTIRIOS,M,31,6
STANIMIR,M,31,2
SVITOZAR,M,31,0
TADEJ,M,31,0
TENDAI,M,31,17
TROFIM,M,31,0
ULUKBEK,M,31,0
USAMA,M,31,3
VACHAGAN,M,31,0
VALERIANI,M,31,0
VALIKO,M,31,0
WINSTON,M,31,22
WLADISLAW,M,31,8
YACOB,M,31,6
YOAN,M,31,4
ZAMIN,M,31,0
ABAY,M,30,2
ABHIJEET,M,30,0
ADKHAM,M,30,0
ALEXANDRO,M,30,8
ALMAZBEK,M,30,0
ALTIN,M,30,0
AMRO,M,30,0
ARAMIS,M,30,15
ARBEL,M,30,0
ARES,M,30,10
ARMANDS,M,30,0
ARSENA,M,30,0
ARVID,M,30,14
ASKOLD,M,30,2
ASLAM,M,30,14
BAKYTZHAN,M,30,0
BALWINDER,M,30,0
BORAN,M,30,10
BORJA,M,30,5
BRAK IMIENIA,M,30,0
BRIJESH,M,30,0
CARLOS MARIO,M,30,0
CHINEDU,M,30,60
CHOL,M,30,48
CHRISTOFER,M,30,19
CLAUDIUS,M,30,19
CRISTINEL,M,30,8
DANG,M,30,11
DHARMENDRA,M,30,0
EVHENII,M,30,0
FABIÁN,M,30,44
FABRICIO,M,30,15
GAGANDEEP,M,30,0
GAIOZ,M,30,0
GEVA,M,30,0
GRZESŁAW,M,30,8
GUSTAVE,M,30,17
HASHIM,M,30,14
HIEU,M,30,34
HOCINE,M,30,4
HUA,M,30,4
HUDSON,M,30,13
HÉCTOR,M,30,9
IAKOV,M,30,0
ILKO,M,30,0
IRWIN,M,30,11
ISHAN,M,30,3
JAXON,M,30,7
JEAN-FRANÇOIS,M,30,12
JESUS ALBERTO,M,30,0
KASIMIR,M,30,42
KEANU,M,30,14
LEVKO,M,30,0
LION,M,30,5
LUIS ALFONSO,M,30,0
MARKIJAN,M,30,2
MAXIMO,M,30,11
MEMET,M,30,2
MICHEAL,M,30,27
MIHAJLO,M,30,3
MINH DUC,M,30,0
MOUAD,M,30,0
MUZAFAR,M,30,0
NAGA,M,30,6
NEVZAT,M,30,3
OMADBEK,M,30,0
OSWALDO,M,30,45
PARIS,M,30,13
PARKER,M,30,17
PURNA BAHADUR,M,30,0
QUANG MINH,M,30,0
QUỐC,M,30,12
RABI,M,30,0
RADISLAV,M,30,0
RAFIG,M,30,0
RAVIKUMAR,M,30,0
RAVINDRA,M,30,27
RIMAS,M,30,2
RODRYG,M,30,13
SADI,M,30,0
SAIT,M,30,3
SANTOSH KUMAR,M,30,0
SEBASTIAAN,M,30,14
SHAHRIYAR,M,30,0
SHIBU,M,30,2
SIMONI,M,30,0
STAV,M,30,0
SULKHANI,M,30,0
SUMESH,M,30,0
SVEATOSLAV,M,30,0
TALAL,M,30,12
TARA,M,30,0
THẮNG,M,30,23
TIKARAM,M,30,0
VAN DUNG,M,30,0
VIACHESLAU,M,30,0
VIET ANH,M,30,4
VREZH,M,30,0
WASIL,M,30,0
WITOSZ,M,30,6
YAM BAHADUR,M,30,0
YANAI,M,30,2
YİǦİT,M,30,9
ZAHIR,M,30,9
ÇAĞLAR,M,30,8
ÐORÐE,M,30,0
ŚWIĘTOSŁAW,M,30,39
AARAV,M,29,4
ABAS,M,29,0
ABESALOM,M,29,0
ABZAL,M,29,0
AHMADJON,M,29,0
AJI,M,29,11
AKIRA,M,29,18
ALEXEJ,M,29,0
ALMIR,M,29,0
ALOK,M,29,0
ALTAY,M,29,10
AMADEO,M,29,8
AMET,M,29,2
AMRITPAL,M,29,0
ANDRYI,M,29,0
ANIKET,M,29,0
ANTONIS,M,29,2
ARLEN,M,29,5
ASIP,M,29,0
AYUB,M,29,2
AZİZ,M,29,0
BAHROM,M,29,0
BASEL,M,29,4
BATU,M,29,7
BEGLI,M,29,0
BERIK,M,29,0
BESNIK,M,29,0
BING,M,29,0
BOZHIDAR,M,29,2
BUĞRA,M,29,17
CAMILLO,M,29,7
CEMİL,M,29,3
CLIVE,M,29,27
DAIRO,M,29,4
DANIIŁ,M,29,2
DAVIS,M,29,26
DILOVAR,M,29,0
DION,M,29,8
DORUK,M,29,9
EDHARD,M,29,0
EHSAN,M,29,7
ERGÜN,M,29,0
EVANS,M,29,8
EYYÜP,M,29,0
FAIK,M,29,2
FAROUK,M,29,16
FETHI,M,29,3
GALIN,M,29,0
GANGA,M,29,2
GAYGYSYZ,M,29,0
GIA BAO,M,29,8
GINTAUTAS,M,29,2
GOPI,M,29,0
GRAEME,M,29,9
HAITHAM,M,29,7
HANOCH,M,29,12
HARRIS,M,29,34
HOUSSAM,M,29,4
HUSAM,M,29,6
IACOV,M,29,0
IGNATIUS,M,29,26
IREK,M,29,19
ISLAMBEK,M,29,0
JAISON,M,29,0
JAVLON,M,29,0
JAVOKHIRBEK,M,29,0
JHAN,M,29,0
JHON ALEXANDER,M,29,0
JOBIN,M,29,0
KALMAN,M,29,9
KAMLESH,M,29,2
KELLY,M,29,10
KERİM,M,29,7
KORNII,M,29,0
LAVRENTII,M,29,0
LUCKY,M,29,14
LUKASH,M,29,0
MAJER,M,29,13
MAMMAD,M,29,0
MANOJ KUMAR,M,29,0
MARINO,M,29,8
MARLEY,M,29,21
MASAHIRO,M,29,0
MATIJA,M,29,0
MAZHAR,M,29,4
MECHYSLAU,M,29,0
MICHIEL,M,29,10
MIGEL,M,29,18
MILORAD,M,29,2
MILOSLAV,M,29,0
MIR,M,29,6
MISZEL,M,29,11
MOVSAR,M,29,0
MUKHAMMED,M,29,0
MUMINJON,M,29,0
NITAI,M,29,4
NIXON,M,29,4
NOMAN,M,29,5
NORWID,M,29,14
NURMUKHAMMAD,M,29,0
OMID,M,29,0
ORAN,M,29,0
PAU,M,29,5
PIUS,M,29,111
POVILAS,M,29,0
RAFI,M,29,18
REECE,M,29,16
REHAN,M,29,12
RIAN,M,29,9
RIMANTAS,M,29,0
ROKAS,M,29,0
ROLAN,M,29,2
ROMÁN,M,29,16
RUBEL,M,29,8
RUFUS,M,29,17
RUNE,M,29,11
SAMRAT,M,29,0
SEIRAN,M,29,0
SEMILIANO,M,29,10
SHAH,M,29,23
SHON,M,29,4
SIVAKUMAR,M,29,0
SOKHIBJON,M,29,0
SULTANBEK,M,29,0
TAIR,M,29,4
TAREQ,M,29,7
UPENDRA,M,29,0
VALER,M,29,0
VAN CUONG,M,29,0
VAN HAI,M,29,0
VAN TOAN,M,29,0
VĂN HOÀNG,M,29,0
VĂN SƠN,M,29,0
WILFRED,M,29,20
WIM,M,29,12
XIAO,M,29,3
YELYZAR,M,29,0
YITZHAK,M,29,22
YUJI,M,29,2
YUN,M,29,5
YUNUS EMRE,M,29,0
YÜKSEL,M,29,3
ZAKARIYA,M,29,6
ZAKI,M,29,22
ZDRAVKO,M,29,4
ZHENG,M,29,0
ĽUBOŠ,M,29,0
ABDULA,M,28,0
ABDURAKHMAN,M,28,0
AGAMYRAT,M,28,0
AIDYN,M,28,0
AIGARS,M,28,0
ALAKHVERDI,M,28,0
ALDAIR,M,28,9
ALEG,M,28,2
ALMAT,M,28,0
ALİCAN,M,28,0
ANDŻELO,M,28,21
ANILKUMAR,M,28,16
ARLEY,M,28,84
ARMENAK,M,28,0
ARTUSH,M,28,0
ATANAZY,M,28,54
AVETIK,M,28,0
AWAIS,M,28,8
BAKAR,M,28,0
BAKHRUZ,M,28,0
BAKHTOVAR,M,28,0
BAURZHAN,M,28,0
BAUTISTA,M,28,42
BOB,M,28,17
BOLKO,M,28,24
BRENT,M,28,11
BULAT,M,28,0
CHAMINDA,M,28,8
CHRYSTOS,M,28,2
CHUNG,M,28,22
CRISTIAN ANDRES,M,28,0
CZESLAW,M,28,88
DANISH,M,28,5
DAVINDER,M,28,0
DAVY,M,28,0
DEDI,M,28,4
DIENIS,M,28,0
DIYAR,M,28,7
DORJAN,M,28,8
DYMITRIOS,M,28,4
DŻASTIN,M,28,7
EHAB,M,28,10
EILON,M,28,0
EMRAN,M,28,7
EOIN,M,28,11
ESTANISLAO,M,28,33
FARAI,M,28,14
FLAWIUSZ,M,28,66
GERRY,M,28,4
GEVORK,M,28,0
GOTARD,M,28,40
HARDZEI,M,28,0
HARJINDER,M,28,0
HEDI,M,28,18
HUGUES,M,28,9
ILYOSBEK,M,28,0
ISAIAH,M,28,18
ISAIAS,M,28,22
IZZAT,M,28,0
IZZATILLO,M,28,0
JANNE,M,28,4
JEREMIAS,M,28,15
JEVGENIJ,M,28,0
JIŘI,M,28,4
JOJO,M,28,3
JOSEP,M,28,7
JOSIAH,M,28,4
KAMRUL,M,28,10
KHAGENDRA,M,28,0
KWANG,M,28,4
KYRIAKOS,M,28,0
LIUBOMIR,M,28,0
LOKESH,M,28,0
MADS,M,28,2
MAIKL,M,28,0
MAJD,M,28,2
MANJIT,M,28,0
MARINUS,M,28,40
MAROUANE,M,28,2
MECHYSLAV,M,28,2
MIKHAYLO,M,28,0
MIKOLAI,M,28,5
MIN BAHADUR,M,28,0
MINH KHANG,M,28,0
MIRALI,M,28,0
MORAN,M,28,5
MUZAFFARJON,M,28,0
MĂDĂLIN,M,28,9
NICANOR,M,28,0
NOËL,M,28,19
OGANES,M,28,0
OGNYAN,M,28,0
OLEKSY,M,28,6
OPHIR,M,28,0
OUSMANE,M,28,8
OWIDIUSZ,M,28,40
PRASHANTH,M,28,0
RAINDI,M,28,0
RAMA,M,28,9
RAMAZON,M,28,0
ROHITH,M,28,0
ROMĀNS,M,28,0
ROWAN,M,28,10
RUBIN,M,28,14
RÉMY,M,28,15
SENAD,M,28,0
SERGIO ANDRES,M,28,0
SERVER,M,28,0
SEÁN,M,28,25
SHAHBAZ,M,28,7
SHAVKATBEK,M,28,0
SHEROZ,M,28,0
SIAMEN,M,28,0
SIMCHA,M,28,9
SOHBET,M,28,0
SUJIT,M,28,0
SULEMAN,M,28,2
SWAPNIL,M,28,6
SYDNEY,M,28,21
TANVIR,M,28,3
TEJAS,M,28,2
TEODORO,M,28,15
TODD,M,28,34
TZVI,M,28,35
UMAIR,M,28,8
VAHRAM,M,28,0
VAKHA,M,28,0
VALDAS,M,28,0
VARUZHAN,M,28,0
VATSLAU,M,28,0
VLASTIMIL,M,28,0
VĂN CƯỜNG,M,28,0
WANG,M,28,5
WITALIUSZ,M,28,5
YASSIR,M,28,4
YAZAN,M,28,7
YEHOSHUA,M,28,27
YUZEF,M,28,0
ZANE,M,28,14
ZUBAIR,M,28,8
ÇAĞATAY,M,28,6
ÇAĞDAŞ,M,28,5
ĒRIKS,M,28,2
AAYUSH,M,27,0
ABHAY,M,27,0
AGAJAN,M,27,0
AIDER,M,27,0
AMINJON,M,27,0
ANKUSH,M,27,3
ANTONELLO,M,27,3
ARIFUL,M,27,6
ASKER,M,27,2
ASLAMBEK,M,27,0
ASTON,M,27,7
AVISHAI,M,27,0
BABURAM,M,27,0
BEKKHAN,M,27,0
BERDIMYRAT,M,27,0
BEYTULLAH,M,27,2
BHUPENDRA,M,27,8
BILGUUN,M,27,0
BREINER,M,27,0
CAMILLE,M,27,34
CHRISTOFFER,M,27,13
CLÁUDIO,M,27,8
DAINIS,M,27,0
DANIELI,M,27,0
DANIELS,M,27,3
DANYAL,M,27,0
DEYAN,M,27,0
DIN,M,27,7
DWI,M,27,29
DĂNUŢ,M,27,3
DŨNG,M,27,39
EBRAHIM,M,27,10
EDILSON,M,27,7
ELEAZAR,M,27,4
ELEFTHERIOS,M,27,5
ELIAHU,M,27,11
ELVIR,M,27,0
ERMAN,M,27,7
FIDEL,M,27,25
FIKRAT,M,27,0
FLÁVIO,M,27,3
GAGAN,M,27,2
GAUTHIER,M,27,5
GOKHAN,M,27,0
GRÉGORY,M,27,6
GURBANGELDI,M,27,0
HARDEEP,M,27,0
HEMANT,M,27,8
HEVORH,M,27,0
HILLEL,M,27,5
IGNAS,M,27,2
ILO,M,27,2
IMED,M,27,0
ISHAK,M,27,3
ISKENDER,M,27,5
JAKOV,M,27,6
JAVOHIR,M,27,0
JOHNY,M,27,11
JOMON,M,27,0
JORGE ANDRES,M,27,0
JUSTICE,M,27,13
JÓZEFAT,M,27,81
JĘDREK,M,27,18
KHUMOYUN,M,27,0
KUBILAY,M,27,5
KUTAY,M,27,12
KUVVAT,M,27,0
LALU,M,27,0
LE,M,27,10
LIBIN,M,27,0
LIEV,M,27,2
LIJO,M,27,0
LISANDRO,M,27,5
LOCHINBEK,M,27,0
LUIS ENRIQUE,M,27,0
MANDEEP SINGH,M,27,0
MANH HUNG,M,27,0
MARCELIAN,M,27,6
MATHÉO,M,27,5
MATI,M,27,3
MICKAEL,M,27,8
MILKO,M,27,2
MILOSH,M,27,0
MIZANUR,M,27,8
MUHAMMADALI,M,27,0
MURATBEK,M,27,0
MURILO,M,27,0
MYONG,M,27,0
NAGENDRA,M,27,0
NECATİ,M,27,3
NICCOLO',M,27,0
NICLAS,M,27,10
NICOLAUS,M,27,11
NIKI,M,27,5
NIKIFOR,M,27,19
NILESH,M,27,8
NORMUNDS,M,27,0
OLGERD,M,27,18
PANKRACY,M,27,87
PHOENIX,M,27,16
PREM BAHADUR,M,27,0
RADE,M,27,3
RAFAYEL,M,27,2
REFAEL,M,27,17
RENALDO,M,27,9
RHYS,M,27,24
ROB,M,27,2
ROLDAN,M,27,5
SADRIDDIN,M,27,0
SALAMON,M,27,3
SALEKH,M,27,0
SAMWEL,M,27,0
SANI,M,27,2
SHENG,M,27,4
SHISHIR,M,27,0
SLAVOMIR,M,27,4
SMAIL,M,27,2
STIJN,M,27,0
SUDEEP,M,27,0
TALAT,M,27,3
TIMOFEJ,M,27,0
TIMOFIEJ,M,27,0
TIMOTHEUS,M,27,5
TOLIB,M,27,0
TSEZAR,M,27,0
VAIDAS,M,27,0
VALIJON,M,27,0
VANIK,M,27,0
VENYAMIN,M,27,0
WALENTINO,M,27,10
WITO,M,27,7
WODZISŁAW,M,27,48
YAHLI,M,27,0
YERNAR,M,27,0
YOANN,M,27,0
YURIJ,M,27,0
ZAFARBEK,M,27,0
ZEZVA,M,27,0
ZORESLAV,M,27,0
İLKER,M,27,6
ĽUBOMÍR,M,27,0
ŞAHIN,M,27,7
ABDULLAH AL,M,26,0
ACHMAD,M,26,0
ADRYIAN,M,26,0
AGOSTINO,M,26,9
AIVARAS,M,26,0
AJAY KUMAR,M,26,0
AKHMET,M,26,0
ALTUN,M,26,0
ARAFAT,M,26,6
ASIER,M,26,2
ATSUSHI,M,26,0
AVTAR,M,26,0
AYDEN,M,26,4
BELAL,M,26,7
BEREKET,M,26,0
BESARIONI,M,26,0
BINOY,M,26,0
BISWAJIT,M,26,0
BOKHODIR,M,26,0
CAFER,M,26,2
CESAR AUGUSTO,M,26,0
CHUN,M,26,10
CZCIBOR,M,26,48
CǍTǍLIN,M,26,3
DAAN,M,26,5
DAMODAR,M,26,10
DAUD,M,26,8
DENZEL,M,26,10
DIL,M,26,0
DZHAMSHED,M,26,0
EDGARAS,M,26,0
ELMADIN,M,26,0
EMERYK,M,26,32
EVALDAS,M,26,0
EYTAN,M,26,3
FELICE,M,26,10
FOZILJON,M,26,0
GANGADHAR,M,26,2
GANI,M,26,3
GATIS,M,26,0
GERGŐ,M,26,3
GIOVANI,M,26,10
GRIGORIOS,M,26,3
GULOM,M,26,0
HARDIK,M,26,3
HASSEN,M,26,7
HAWIER,M,26,5
HRAYR,M,26,0
HUAN,M,26,4
I NYOMAN,M,26,0
IANIS,M,26,4
IBRAHIMA,M,26,8
IKAR,M,26,24
ILLIIA,M,26,0
IVANO,M,26,3
IVELIN,M,26,0
IÑIGO,M,26,2
JAI,M,26,9
JANUSCH,M,26,10
JASIN,M,26,3
JASTIN,M,26,6
JEAN-CLAUDE,M,26,29
JEFFRY,M,26,0
JIVAN,M,26,0
JOANNIS,M,26,13
JOHAN SEBASTIAN,M,26,0
JONDO,M,26,0
KAMEN,M,26,0
KAMRONBEK,M,26,0
KE,M,26,0
KHUSEYN,M,26,0
KUZEY,M,26,6
LANCE,M,26,15
LASZLO,M,26,15
LENART,M,26,18
MADI,M,26,0
MAGED,M,26,7
MAJK,M,26,13
MAKSATBEK,M,26,0
MARIIA,M,26,0
MARKS,M,26,0
MEVLUD,M,26,0
MEVLÜT,M,26,5
MIKO,M,26,4
MILLER,M,26,12
MUSTAFO,M,26,0
NEAL,M,26,22
NURBOL,M,26,0
NURYAGDY,M,26,0
OLHA,M,26,0
OM PRAKASH,M,26,0
ORIAN,M,26,6
PASCHALIS,M,26,40
PETRICĂ,M,26,2
PIERLUIGI,M,26,0
PRASANNA,M,26,7
PRITAM,M,26,0
QING,M,26,0
QUANG VINH,M,26,0
RAJINDER,M,26,0
RAKHIMJON,M,26,0
RAUPH,M,26,0
RAVSHANJON,M,26,0
REGIS,M,26,17
RESHAM,M,26,0
RIKO,M,26,11
RIYAD,M,26,2
SAFAR,M,26,0
SAHIN,M,26,5
SANDEEP KUMAR,M,26,0
SANDIS,M,26,0
SAQIB,M,26,4
SERDAL,M,26,0
SHALEV,M,26,4
SHAROFIDDIN,M,26,0
SHAYAN,M,26,0
SHEKHAR,M,26,11
SHOKIR,M,26,0
SHREYAS,M,26,2
SIGITAS,M,26,0
SONY,M,26,3
SPIRIDON,M,26,0
SUNDAY,M,26,16
SVITLANA,M,26,0
TAN,M,26,21
TANGUY,M,26,4
TEJ,M,26,0
TILL,M,26,6
TOMS,M,26,0
TSVETAN,M,26,0
VALEH,M,26,2
VALEKH,M,26,0
VILAIAT,M,26,0
VINAYAK,M,26,8
VĂN DƯƠNG,M,26,0
WAQAR,M,26,9
WASYLIS,M,26,4
XIAOWEI,M,26,0
YELIZAR,M,26,0
YERKIN,M,26,0
YIFAN,M,26,0
ZEYNEL,M,26,2
ZIED,M,26,3
İDRİS,M,26,0
ŻELISŁAW,M,26,40
ABDELGHANI,M,25,0
ABDELHAKIM,M,25,3
ABIL,M,25,0
ABISHEK,M,25,0
AFTAB,M,25,5
AIDOS,M,25,0
ALBERTI,M,25,0
ALDIYAR,M,25,0
ALIKO,M,25,0
AMAURY,M,25,11
ANTE,M,25,6
ARAMAYIS,M,25,0
ARIES,M,25,4
ARNAS,M,25,0
ARY,M,25,10
AVHUSTYN,M,25,0
AYBERK,M,25,6
BAL,M,25,0
BEJAN,M,25,0
BHARATH,M,25,2
BIJOY,M,25,0
BISLAN,M,25,0
BOBAN,M,25,0
BRANISLAU,M,25,0
BUDDHA,M,25,0
BÜNYAMİN,M,25,0
CASSIAN,M,25,2
CHARBEL,M,25,74
DAISUKE,M,25,0
DAMON,M,25,9
DANAIL,M,25,2
DANISZ,M,25,10
DAREN,M,25,0
DAVLATBEK,M,25,0
DEIVIS,M,25,0
DEVI,M,25,0
DIMITR,M,25,6
DOVYDAS,M,25,0
DUY ANH,M,25,0
DZIAMYAN,M,25,0
ELDARI,M,25,0
ELISHA,M,25,8
ERMEK,M,25,0
ERNESTAS,M,25,0
FAGAN,M,25,0
FARRUKHJON,M,25,0
FRANC,M,25,7
FREDRICK,M,25,19
FRIEDHELM,M,25,8
GELDIMYRAT,M,25,0
GIOVANNY,M,25,25
GNIEWOSŁAW,M,25,14
GORDEY,M,25,0
HABIL,M,25,2
HAIDAR,M,25,5
HALIT,M,25,6
HARIK,M,25,0
HAYDEN,M,25,7
HEM,M,25,0
HIKMET,M,25,3
IBRAIM,M,25,2
IKECHUKWU,M,25,50
ILHOMJON,M,25,0
ILLARION,M,25,0
ISMAT,M,25,0
IUSIF,M,25,0
IÑAKI,M,25,0
JANNIS,M,25,9
JASPAL,M,25,0
JERONIMO,M,25,7
JIANG,M,25,3
JIAWEI,M,25,0
JOSE GREGORIO,M,25,0
JUAN ESTEBAN,M,25,0
JUOZAS,M,25,6
KAZBEK,M,25,2
KHAYRULLA,M,25,0
KODIRJON,M,25,0
KONDRAT,M,25,28
KOSTYANTIN,M,25,0
KYLIAN,M,25,8
KÜRŞAT,M,25,10
LAURENS,M,25,15
LOK,M,25,0
LUIS ALFREDO,M,25,0
LUIS ANTONIO,M,25,0
LUKMAN,M,25,7
MAMUN,M,25,5
MAMURJON,M,25,0
MARCU,M,25,3
MARSHALL,M,25,26
MASUM,M,25,9
MD ABU,M,25,0
MEHEDI,M,25,6
MEHMET ALİ,M,25,0
MISZA,M,25,2
MKHITAR,M,25,0
MOSZEK,M,25,0
MYLAN,M,25,0
NABEEL,M,25,9
NADAR,M,25,5
NAFTALI,M,25,20
NEEL,M,25,9
NIALL,M,25,14
NIAZ,M,25,0
NILSON,M,25,2
NING,M,25,2
NURMYRAT,M,25,0
NURULLO,M,25,0
OLIVÉR,M,25,5
ORIF,M,25,0
OSKARS,M,25,0
PETTER,M,25,12
PING,M,25,2
PRZEMKO,M,25,14
RAJAT,M,25,0
RAM PRASAD,M,25,0
RAMAKRISHNA,M,25,0
RAMINI,M,25,0
REMIGIJUS,M,25,0
RENJITH,M,25,0
ROMAS,M,25,0
SANAL,M,25,2
SANDY,M,25,2
SANKAR,M,25,14
SANKET,M,25,0
SANTHOSH KUMAR,M,25,0
SATNAM,M,25,0
SEMUR,M,25,0
SERHAN,M,25,12
SHAKHRIYOR,M,25,0
SHIJU,M,25,0
SHUKHRATBEK,M,25,0
SLAVKO,M,25,2
SLIM,M,25,2
SRI,M,25,4
SRINIVASA RAO,M,25,0
SUDHIR,M,25,13
SUHAIL,M,25,11
SƠN,M,25,33
TEK BAHADUR,M,25,0
TIMYR,M,25,0
TURPAL,M,25,0
ULDIS,M,25,0
VAKHTANH,M,25,0
VIHAAN,M,25,5
VIKASH,M,25,2
VINEETH,M,25,0
XIAOFENG,M,25,0
YAFIM,M,25,0
YASEEN,M,25,16
YERMEK,M,25,0
YOGENDRA,M,25,2
YUCHEN,M,25,0
YURYI,M,25,0
YUTA,M,25,0
ZAMAN,M,25,4
ZAYAN,M,25,4
ZHIQIANG,M,25,0
ŅIKITA,M,25,0
ŞABAN,M,25,3
ABDELKARIM,M,24,3
ADILBEK,M,24,0
ADVIK,M,24,0
AIVAZ,M,24,0
AJEESH,M,24,0
AKMUHAMMET,M,24,0
AKOBIR,M,24,0
AKTAN,M,24,0
ALASTAIR,M,24,14
ALEKSA,M,24,0
ALEXI,M,24,5
AMIRJON,M,24,0
ANESU,M,24,18
ANTTI,M,24,16
ARSENY,M,24,0
ASROR,M,24,0
ATAI,M,24,0
ATAMYRAT,M,24,0
BAHODIR,M,24,0
BAO,M,24,17
BERT,M,24,12
BISHNU PRASAD,M,24,0
BLAISE,M,24,15
BOBIRJON,M,24,0
BRENO,M,24,0
BRONISLAW,M,24,42
CALOGERO,M,24,4
CANBERK,M,24,3
CARLOS EDUARDO,M,24,0
CEMIL,M,24,4
CHRISTOFOROS,M,24,2
COŞKUN,M,24,3
CYRILLE,M,24,5
CZAROSŁAW,M,24,7
DAG,M,24,11
DAMJAN,M,24,2
DEIVID,M,24,0
DOBRYNIA,M,24,0
DOLEV,M,24,0
DOMAN,M,24,16
DORI,M,24,0
DUBAN,M,24,5
DZIAMID,M,24,0
EDIN,M,24,2
EKİN,M,24,2
ELDAD,M,24,0
ELIECER,M,24,67
ELIMKHAN,M,24,0
ELNAR,M,24,0
EYLON,M,24,0
FALK,M,24,0
FERIT,M,24,3
FLORENTIN,M,24,6
GANISHER,M,24,0
GLIEB,M,24,0
GOBINDA,M,24,0
GURDEEP,M,24,0
GURMEET,M,24,0
GUSTAVO ADOLFO,M,24,0
GYANENDRA,M,24,0
HAGEN,M,24,13
HALID,M,24,0
HALIM,M,24,22
HANS-JOACHIM,M,24,4
HANS-PETER,M,24,2
IASHA,M,24,0
ILDEFONS,M,24,33
ILIYAN,M,24,0
INTIZAR,M,24,0
IUSIP,M,24,0
JARI,M,24,3
JIANHUA,M,24,0
JOB,M,24,7
JOHN PAUL,M,24,10
JONATHON,M,24,8
JOOST,M,24,9
JOSE MIGUEL,M,24,0
KAJUS,M,24,18
KALIN,M,24,2
KARO,M,24,0
KASUN,M,24,0
KAYDEN,M,24,3
KEVIN ANDRES,M,24,0
KHAN,M,24,79
KHAZAR,M,24,0
KLAAS,M,24,8
KRISHNA PRASAD,M,24,0
KSAVERY,M,24,2
LAMIN,M,24,7
LAURENŢIU,M,24,9
LEOPOLDO,M,24,21
MAHSUM,M,24,0
MAMERT,M,24,56
MANEESH,M,24,0
MANUK,M,24,0
MARIYAN,M,24,0
MAXENCE,M,24,4
MD.,M,24,0
MILE,M,24,0
MINH TUAN,M,24,0
MOEZ,M,24,0
MOHAMED ALI,M,24,0
MUDASSAR,M,24,0
MUKHAMED,M,24,0
MUKHAMMADYUSUF,M,24,0
MURODBEK,M,24,0
MURTAZI,M,24,0
MİKAİL,M,24,0
MẠNH HÙNG,M,24,0
NASIMI,M,24,0
NECATI,M,24,0
NUMAN,M,24,7
NUSRET,M,24,2
ODILBEK,M,24,0
OTHMAN,M,24,17
PAMIL,M,24,0
PETRAS,M,24,0
PHONG,M,24,22
PRATAP,M,24,43
RAED,M,24,6
RAHMAT,M,24,0
RAIMONDAS,M,24,0
RAINHARD,M,24,3
RAKHMATILLO,M,24,0
RANJAN,M,24,28
RASEL,M,24,8
REGIE,M,24,0
REYANSH,M,24,0
RIADH,M,24,2
RICK,M,24,5
RINALDO,M,24,16
ROBERTUS,M,24,3
RYSHARD,M,24,0
SAKIT,M,24,0
SAURAV,M,24,0
SHABAN,M,24,5
SHAHZOD,M,24,0
SHAMIM,M,24,6
SHAN,M,24,6
SHOAIB,M,24,10
SIJO,M,24,0
SLAVOMÍR,M,24,0
SOORAJ,M,24,0
SRIDHAR,M,24,0
SWEN,M,24,16
TARON,M,24,0
TIMOTEI,M,24,0
TYRONE,M,24,9
URMAT,M,24,0
VARTAN,M,24,2
VOYTEK,M,24,12
VUK,M,24,5
VÍTOR,M,24,3
VĂN HIẾU,M,24,0
WILDER,M,24,6
WISDOM,M,24,5
WOJMIR,M,24,29
YANISLAV,M,24,0
YANNIS,M,24,6
YEINER,M,24,0
YUE,M,24,6
YUNIS,M,24,2
ZARIF,M,24,0
ZAYNIDDIN,M,24,0
ZEKI,M,24,8
ZHI,M,24,0
ŞEVKET,M,24,0
ABDUSAMAD,M,23,0
ABDUVALI,M,23,0
AFZAL,M,23,13
AIMAN,M,23,8
ALBERTUS,M,23,23
ALHERD,M,23,0
ANANDA,M,23,12
ANDRAS,M,23,11
ANTO,M,23,2
ARJEN,M,23,7
AZHAR,M,23,6
BABAR,M,23,5
BAHTIYAR,M,23,0
BAKIR,M,23,0
BAKTYBEK,M,23,0
BAL BAHADUR,M,23,0
BEKIM,M,23,5
BLADIMIR,M,23,12
BLERIM,M,23,0
BOBI,M,23,0
BUBA,M,23,0
CHARY,M,23,3
DALE,M,23,39
DANU,M,23,0
DHAVAL,M,23,0
DHEERAJ,M,23,3
DI,M,23,0
DILSHODJON,M,23,0
DONOVAN,M,23,8
DRITAN,M,23,4
DURAN,M,23,19
EFREN,M,23,13
ELTAJ,M,23,0
FADY,M,23,3
FARRUH,M,23,0
FEHMI,M,23,2
FIDELIS,M,23,17
GERSHON,M,23,14
GORDIY,M,23,0
GRISHA,M,23,0
HANNA,M,23,7
HARI PRASAD,M,23,0
HERMANUS,M,23,18
HEYDAR,M,23,0
HIEN,M,23,17
HORDIY,M,23,0
HOVSEP,M,23,0
HUSSAM,M,23,3
ICEK,M,23,9
IGAR,M,23,0
IKENNA,M,23,45
IKRAM,M,23,0
ILARII,M,23,0
ISRAFIL,M,23,0
IUZA,M,23,0
JHON FREDY,M,23,0
JHONATHAN,M,23,0
JIANJUN,M,23,0
JINDŘICH,M,23,0
JURY,M,23,0
JUSTAS,M,23,0
JØRGEN,M,23,10
KANYBEK,M,23,0
KAROMATULLO,M,23,0
KERVEN,M,23,0
KIEJSTUT,M,23,47
KIMI,M,23,12
KUBİLAY,M,23,6
KUDZAI,M,23,9
LAHCEN,M,23,2
LAL BAHADUR,M,23,0
LAURENTIU,M,23,11
LAVRENTI,M,23,0
LEANARD,M,23,0
LEJB,M,23,22
LOM-ALI,M,23,0
LUDOVICO,M,23,7
LUIS DAVID,M,23,0
MAGARAM,M,23,0
MAKARIY,M,23,0
MANI,M,23,22
MARADI,M,23,0
MATFEI,M,23,0
MATLAB,M,23,0
MAXAT,M,23,0
MAZAKHIR,M,23,0
MEHMET ALI,M,23,2
MEIK,M,23,3
MEKHMAN,M,23,0
MIKHAL,M,23,2
MOUSA,M,23,10
MUSHVIG,M,23,0
NAEL,M,23,5
NAVJOT,M,23,0
NECULAI,M,23,5
NEIDER,M,23,0
NICCOLO,M,23,2
NOZIM,M,23,0
NURLANBEK,M,23,0
OKHUNJON,M,23,0
OLENA,M,23,0
ORKUN,M,23,9
PASANG,M,23,0
PAWŁO,M,23,0
PEKKA,M,23,22
PIER,M,23,7
PROTAZY,M,23,32
RAJI,M,23,0
RAKIBUL,M,23,2
REGGIE,M,23,0
REI,M,23,2
RIVER,M,23,12
ROLANDS,M,23,0
RONNEL,M,23,0
ROSTYSŁAW,M,23,0
SAMAR,M,23,4
SANZHARBEK,M,23,0
SATYANARAYANA,M,23,0
SAİT,M,23,8
SERYOZHA,M,23,0
SEVDALIN,M,23,0
SHAILESH,M,23,4
SHIO,M,23,0
SKANDER,M,23,4
STANYSLAV,M,23,0
SUDHAKAR,M,23,5
SUNAY,M,23,0
SURINDER,M,23,0
SŁAWOMIERZ,M,23,8
TAKAHIRO,M,23,0
TAKAYUKI,M,23,0
TALANTBEK,M,23,0
TARKHAN,M,23,0
TEEMU,M,23,0
TEGUH,M,23,3
TEODOZJUSZ,M,23,17
TU,M,23,12
TURGAI,M,23,0
ULRYCH,M,23,13
UMIT,M,23,2
VALDIS,M,23,0
VALERIJS,M,23,0
VALID,M,23,0
VAN HIEU,M,23,0
VAN MINH,M,23,0
VAN TIEN,M,23,0
VARGHESE,M,23,7
VEPHKHVIA,M,23,0
VICKY,M,23,0
VIRGINIJUS,M,23,0
VITALIJUS,M,23,0
VÍT,M,23,2
VĂN HUY,M,23,0
XABIER,M,23,3
YANEK,M,23,0
YOUSUF,M,23,17
YUBARAJ,M,23,0
YUSEF,M,23,6
ZABAR,M,23,0
ZAVEN,M,23,0
ZHANBOLAT,M,23,0
ZHE,M,23,0
ZHYRGALBEK,M,23,0
ZOKHID,M,23,0
ÜNAL,M,23,2
AAYAN,M,22,8
ABDULKHAMID,M,22,0
ABYLAY,M,22,0
ACHIKO,M,22,0
ADALBERTO,M,22,11
ALA,M,22,3
ALAEDDINE,M,22,0
ALBRECHT,M,22,34
ALICAN,M,22,2
ALPAY,M,22,6
ALTAN,M,22,3
ALUDA,M,22,0
AMIT KUMAR,M,22,0
ANDREJUS,M,22,0
ARIP,M,22,0
ARTEMIE,M,22,0
ARUNAS,M,22,4
ASIMAN,M,22,0
ASTRIT,M,22,0
AVIGDOR,M,22,5
BAGRATI,M,22,0
BAHADUR,M,22,1419
BALJINDER,M,22,0
BESIM,M,22,0
BINYAMIN,M,22,19
BIR,M,22,3
BIRUK,M,22,0
BUNYODBEK,M,22,0
CEYHUN,M,22,6
CHAD,M,22,6
CHESLAV,M,22,0
CRISANTO,M,22,0
DARÍO,M,22,32
DIONISII,M,22,0
DIYAN,M,22,0
DONGHYUN,M,22,0
DOVLETMYRAT,M,22,0
DOǦAN,M,22,3
DİYAR,M,22,0
ELAMAN,M,22,0
ELDORBEK,M,22,0
ERDOĞAN,M,22,2
ERVIS,M,22,0
ERZHAN,M,22,0
EZECHIEL,M,22,28
FATMIR,M,22,4
FERAS,M,22,5
FRANS,M,22,28
GADAM,M,22,0
GAGI,M,22,0
GIFT,M,22,6
GOSHGAR,M,22,0
GÜVEN,M,22,6
HAMAD,M,22,3
HANG,M,22,5
HAYDER,M,22,3
HEN,M,22,3
HIROKI,M,22,2
HOAN,M,22,16
HOM,M,22,0
HİKMET,M,22,0
IAKIV,M,22,0
IASIN,M,22,0
IBRYAM,M,22,6
ISRAIL,M,22,0
IZZATBEK,M,22,0
JAGADEESH,M,22,0
JAHID,M,22,5
JANNIK,M,22,5
JAVED,M,22,23
JAYESH,M,22,5
JEIRAN,M,22,0
JHAN CARLOS,M,22,0
JHOJAN,M,22,2
JIMSHERI,M,22,0
JIWAN,M,22,0
JOKO,M,22,10
JORGE ARMANDO,M,22,0
JOSE MARIA,M,22,0
JOVEN,M,22,3
JOVICA,M,22,0
JUKKA,M,22,7
JUMA,M,22,12
JUNJIE,M,22,0
KHABIBULLO,M,22,0
KHAMIDULLO,M,22,0
KHAYYAM,M,22,0
KRISTJAN,M,22,2
LAITH,M,22,0
LAZAROS,M,22,0
LAZIZBEK,M,22,0
LEVIN,M,22,9
LOIC,M,22,4
LOKMAN,M,22,0
LUIS ANGEL,M,22,0
LUIS FELIPE,M,22,0
MAKOTO,M,22,6
MANJEET,M,22,0
MANPREET SINGH,M,22,0
MARS,M,22,2
MARTEN,M,22,11
MAËL,M,22,8
MENG,M,22,3
MIRSAD,M,22,0
MNATSAKAN,M,22,0
MORDECHAY,M,22,30
MOUHAMED,M,22,3
MSTYSLAV,M,22,0
NAHOM,M,22,0
NARINDER,M,22,2
NAVID,M,22,4
NOSIRJON,M,22,0
NUH,M,22,0
NURISLAM,M,22,0
NÉSTOR,M,22,9
OMKAR,M,22,0
ORLIN,M,22,2
OĞULCAN,M,22,12
OǦUZ,M,22,8
PETKO,M,22,0
PETRIT,M,22,0
PRZEMYSLAW,M,22,33
QAMAR,M,22,0
RABAH,M,22,7
RAIMOND,M,22,2
RAKHMATULLO,M,22,0
RANDALL,M,22,22
RANKO,M,22,0
RASSUL,M,22,0
RATMYR,M,22,0
REDOUANE,M,22,0
RIDWAN,M,22,3
RIZAL,M,22,5
ROMEO JR.,M,22,0
RONEL,M,22,0
RUBENS,M,22,5
SAEID,M,22,5
SAFARALI,M,22,0
SAFET,M,22,3
SALAMAT,M,22,3
SALWATOR,M,22,21
SATHEESH,M,22,0
SAYAN,M,22,2
SERHEI,M,22,0
SHARIFJON,M,22,0
SHIVANSH,M,22,0
SIBI,M,22,0
SILVESTER,M,22,32
SOM,M,22,0
SRINIVASAN,M,22,0
STANISLAUS,M,22,78
STIG,M,22,9
SÖREN,M,22,8
SŁAWIAN,M,22,8
TAOUFIK,M,22,0
THAI,M,22,14
THIBAUD,M,22,2
TIMOTHÉ,M,22,0
TOHIR,M,22,0
TOUFIK,M,22,4
TUOMAS,M,22,12
VAN SON,M,22,0
VINOTH,M,22,0
VIVAAN,M,22,0
VOLODOMYR,M,22,0
VĂN QUANG,M,22,0
VĂN TRUNG,M,22,0
YAHEL,M,22,2
YAO,M,22,7
YARAMIR,M,22,0
YE,M,22,0
YIMING,M,22,0
YOHANNES,M,22,7
ZAKRO,M,22,0
ZDENEK,M,22,9
ZHANG,M,22,2
ZYNOVII,M,22,0
ÖMER FARUK,M,22,0
ŞENOL,M,22,0
ABDELILAH,M,21,0
ABDULMALIK,M,21,2
ABDULSAMET,M,21,0
ADIS,M,21,0
AKHILESH,M,21,0
ALADIN,M,21,2
ALGIRDAS,M,21,2
ALGIS,M,21,6
ALIMARDON,M,21,0
AMARJEET,M,21,0
AMIRHOSSEIN,M,21,0
AMOR,M,21,12
ANDER,M,21,4
ANH DUNG,M,21,0
AREG,M,21,0
ARPAN,M,21,0
ARSALAN,M,21,6
ARTAVAZD,M,21,0
ARTEMIJ,M,21,2
ASHOK KUMAR,M,21,0
ASSYLBEK,M,21,0
ATHARV,M,21,0
ATİLLA,M,21,3
BABATUNDE,M,21,15
BAGTYYAR,M,21,0
BAKHMAN,M,21,0
BAKHODUR,M,21,0
BEGZOD,M,21,0
BEK,M,21,2
BEKNAZAR,M,21,0
BENJIE,M,21,0
BENOÎT,M,21,12
BEZHANI,M,21,0
BHUPINDER,M,21,0
BILLAL,M,21,5
BINH,M,21,19
BLEDAR,M,21,0
CARMEL,M,21,5
CHARALAMBOS,M,21,2
CHASE,M,21,16
COLE,M,21,36
CRUZ,M,21,59
DANIS,M,21,0
DARYL,M,21,6
DEEPU,M,21,0
DIEMID,M,21,0
DILSHAD,M,21,0
DIYOR,M,21,0
DOMINYKAS,M,21,0
DOMOKOS,M,21,0
DOSTONJON,M,21,0
DUONG,M,21,24
DĂNUT,M,21,2
EBIN,M,21,0
EDUARDI,M,21,0
ELAN,M,21,4
ELDHOSE,M,21,0
EMANUIL,M,21,2
ERSAN,M,21,3
ETAI,M,21,0
EYAD,M,21,3
EZIO,M,21,6
FOTIOS,M,21,0
FULVIO,M,21,5
GADI,M,21,0
GARI,M,21,0
GEDYMIN,M,21,18
GEGA,M,21,2
GEGI,M,21,0
GEOVANNY,M,21,8
GIA HUY,M,21,0
GIANG,M,21,23
GILI,M,21,2
GIORA,M,21,0
GOLAN,M,21,0
GUGLIELMO,M,21,2
GULADI,M,21,0
GURWINDER,M,21,0
GYAN,M,21,0
HALUK,M,21,12
HARLEY,M,21,14
HAVIER,M,21,0
HEMRA,M,21,0
HENOK,M,21,0
HYUNWOO,M,21,0
IGNAZIO,M,21,0
IOSYF,M,21,0
ISROILJON,M,21,0
JACKY,M,21,16
JAY-AR,M,21,0
JAYA,M,21,4
JEFFERY,M,21,9
JI,M,21,0
JORDY,M,21,3
JOSE DANIEL,M,21,0
JOZSEF,M,21,5
JUAN FELIPE,M,21,0
KANATBEK,M,21,0
KARTHICK,M,21,0
KAYA,M,21,10
KHAYOTBEK,M,21,0
KHIM,M,21,0
KIRIŁŁ,M,21,0
KRISTIYAN,M,21,0
KUDRAT,M,21,0
LAZARO,M,21,11
LUBOMÍR,M,21,0
M,M,21,22
MAHARRAM,M,21,0
MAJED,M,21,11
MAKSUM,M,21,0
MALKOLM,M,21,9
MALWIN,M,21,10
MAMIKON,M,21,0
MARCO ANTONIO,M,21,0
MARIS,M,21,0
MASHKHURBEK,M,21,0
MATVEJ,M,21,0
MD MASUD,M,21,0
MD SAIFUL,M,21,0
MENAHEM,M,21,17
MIAN,M,21,0
MILENKO,M,21,0
MUKHRANI,M,21,0
MURALI,M,21,3
MUSLIMBEK,M,21,0
MUSTAPA,M,21,0
MUTLU,M,21,2
MÓZES,M,21,0
MẠNH CƯỜNG,M,21,0
NAHUM,M,21,18
NAMAZ,M,21,0
NAVIN,M,21,2
NAZRUL,M,21,7
NECDET,M,21,0
NGONIDZASHE,M,21,8
NURBOLAT,M,21,0
NURETTIN,M,21,2
NURGAZY,M,21,0
NURGELDI,M,21,0
NUTSU,M,21,0
OKSANA,M,21,0
PAULUS,M,21,25
PERMAN,M,21,0
PIO,M,21,242
POTAP,M,21,0
PRATEEK,M,21,0
PUNEET,M,21,0
PÁL,M,21,10
PĒTERIS,M,21,0
QUANG ANH,M,21,2
RADZH,M,21,0
RAIL,M,21,0
RAJAB,M,21,4
RAKIB,M,21,4
RAPAEL,M,21,0
RAPIK,M,21,0
RASULBEK,M,21,0
RAVI KUMAR,M,21,0
RAVID,M,21,0
RAYANE,M,21,3
RIHARDS,M,21,0
ROBEL,M,21,2
RODŻER,M,21,9
RONAK,M,21,0
ROYAL,M,21,5
RUBIK,M,21,0
RUSLANBEK,M,21,0
SAHAK,M,21,0
SANJIB,M,21,0
SANJU,M,21,0
SATOSHI,M,21,3
SEBAYDIN,M,21,2
SEMI,M,21,4
SERGEN,M,21,2
SEUNG,M,21,5
SEUNGWOO,M,21,0
SHAHADAT,M,21,5
SHAKIL,M,21,3
SHAMKHAN,M,21,0
SIROJ,M,21,0
SODIKJON,M,21,0
STOIGNIEW,M,21,20
STRAHIL,M,21,0
SUBRATA,M,21,0
SUDHEER,M,21,2
SUN,M,21,18
SZLOMA,M,21,0
TAALAIBEK,M,21,0
TAHİR,M,21,2
TANMAY,M,21,0
TANVEER,M,21,5
UMARJON,M,21,0
UMER,M,21,6
VALON,M,21,0
VAN DUC,M,21,0
VAN HA,M,21,0
VAN HIEN,M,21,0
VATSLAV,M,21,0
VELİ,M,21,4
VIDMANTAS,M,21,0
VILIUS,M,21,0
VINOD KUMAR,M,21,0
VIRGIL,M,21,9
VOLODYA,M,21,0
VĂN TIẾN,M,21,0
VĂN TOÀN,M,21,0
WELLINGTON,M,21,8
YAGUB,M,21,0
YERBOLAT,M,21,0
YEVGENY,M,21,2
YIFTACH,M,21,0
ZACHARIAH,M,21,8
ZAHEER,M,21,4
ZAKARYA,M,21,4
ZION,M,21,24
ŞEYHMUS,M,21,0
ŠTĚPÁN,M,21,0
AARYAN,M,20,2
ABDUKODIR,M,20,0
ABDUVOKHID,M,20,0
ADMIRE,M,20,2
AKBARALI,M,20,0
ALCIDES,M,20,20
ALDON,M,20,19
AMI,M,20,3
AMOL,M,20,4
ANATOLIJS,M,20,0
ARLIND,M,20,0
ARNAV,M,20,2
ARNIS,M,20,2
AVETIS,M,20,0
AVNI,M,20,6
AVSHALOM,M,20,0
AYRTON,M,20,20
AZAMATJON,M,20,0
AZIRET,M,20,0
BABAJAN,M,20,0
BABAMYRAT,M,20,0
BABKEN,M,20,0
BACHO,M,20,0
BAJRAM,M,20,0
BAKDAULET,M,20,0
BARNIM,M,20,17
BATYRKHAN,M,20,0
BEDİRHAN,M,20,2
BENAS,M,20,0
BENY,M,20,2
BEQA,M,20,0
BILOL,M,20,0
BOYAN,M,20,0
BUDDHI,M,20,0
BÁ,M,20,6
CAO,M,20,9
CARLOS ENRIQUE,M,20,0
CHANDRA BAHADUR,M,20,0
CHIEN,M,20,19
CHUKWUEBUKA,M,20,25
CRISTI,M,20,0
DAMBAR,M,20,0
DANKO,M,20,3
DARIN,M,20,3
DARLINGTON,M,20,6
DEDE,M,20,4
DETLEV,M,20,12
DICK,M,20,3
DIMO,M,20,4
DOǦUKAN,M,20,6
DRAGOS,M,20,2
DRISS,M,20,0
DURMUŞ,M,20,0
DUSAN,M,20,3
DYZMA,M,20,24
DZHAMAL,M,20,0
EGBERT,M,20,14
ELGIUN,M,20,0
ELGIZ,M,20,0
ENDRE,M,20,8
ENDRI,M,20,0
ENEA,M,20,0
ERGASH,M,20,0
ETHEM,M,20,6
EVHEN,M,20,0
EZDRASZ,M,20,5
FAHIM,M,20,8
FAIZ,M,20,8
FAYCAL,M,20,0
FIRUZJON,M,20,0
FOTIS,M,20,4
FRAN,M,20,4
FİKRET,M,20,0
GABRIËL,M,20,9
GALYMZHAN,M,20,0
GAMAL,M,20,27
GENRIKH,M,20,0
GERNOT,M,20,11
GOLAM,M,20,3
GOVIND,M,20,10
HAVRYLO,M,20,0
HIDEKI,M,20,3
HIDIR,M,20,2
IHAB,M,20,5
IRAKLII,M,20,0
IRYNA,M,20,0
IULIU,M,20,3
IUNUS,M,20,0
IZHAK,M,20,25
JABIR,M,20,0
JADER,M,20,6
JAKÓB,M,20,34
JANOSCH,M,20,8
JAROMÍR,M,20,2
JASWINDER,M,20,0
JINWOO,M,20,0
JOSIF,M,20,2
JOYAL,M,20,0
JUNWOO,M,20,0
JUSUF,M,20,5
KANG,M,20,4
KAYODE,M,20,8
KEDAR,M,20,2
KEINER,M,20,0
KEISUKE,M,20,0
KENTARO,M,20,3
KHUSEN,M,20,2
KHVTISO,M,20,0
KIEN,M,20,16
KLIMENTSI,M,20,0
KOKI,M,20,0
KONSTANTĪNS,M,20,0
KUL,M,20,0
KĀRLIS,M,20,0
LACHLAN,M,20,7
LAURI,M,20,10
LEMA,M,20,0
LEONE,M,20,13
LES,M,20,5
LIDOR,M,20,0
LIUDMYLA,M,20,0
LU,M,20,2
LUIS ALEJANDRO,M,20,0
MAGDY,M,20,10
MARCJUSZ,M,20,9
MASAYUKI,M,20,0
MATYÁŠ,M,20,0
MATÉO,M,20,2
MD OMAR,M,20,0
MEKHTI,M,20,0
MINAS,M,20,2
MISAEL,M,20,14
MITHUN,M,20,0
MOISÉS,M,20,7
MORAD,M,20,5
MORTEZA,M,20,0
MUHSIN,M,20,0
MUSHEGH,M,20,0
MYROSLAW,M,20,2
MÁRCIO,M,20,3
MÁXIMO,M,20,6
NAYDEN,M,20,2
NICKY,M,20,0
NIRAJAN,M,20,0
NURETTİN,M,20,0
NURILLO,M,20,0
ODYSSEAS,M,20,2
OGNJEN,M,20,0
OLEXANDER,M,20,0
OLLI,M,20,8
OMRY,M,20,0
PANTELEIMON,M,20,0
PARAS,M,20,0
PIERPAOLO,M,20,0
POLAT,M,20,10
POYRAZ,M,20,9
PRAVEEN KUMAR,M,20,0
PRECIOUS,M,20,10
QUY,M,20,8
RAFIQUL,M,20,5
RAHIB,M,20,0
RAJEESH,M,20,0
RAMEZ,M,20,0
RAMŪNAS,M,20,0
RICKARD,M,20,19
ROBBIE,M,20,0
ROSTOMI,M,20,0
RUDIK,M,20,0
RUPI,M,20,0
SAFA,M,20,12
SAIAN,M,20,0
SAIDJON,M,20,0
SAJI,M,20,0
SAMARIDDIN,M,20,0
SANTO,M,20,12
SASUN,M,20,0
SAYMON,M,20,0
SEMYON,M,20,0
SEYİT,M,20,0
SHAKEEL,M,20,2
SHAKHOBIDDIN,M,20,0
SHIBIN,M,20,0
SHIR,M,20,0
SHODIYOR,M,20,0
SHUKRI,M,20,4
SLAMET,M,20,0
SOKHIB,M,20,0
SOKOL,M,20,3
SORBON,M,20,0
SPARTAKI,M,20,0
STEEN,M,20,12
STEN,M,20,4
SUNNATILLO,M,20,0
SYLWAN,M,20,13
TAI,M,20,29
TARKAN,M,20,10
TEMURBEK,M,20,0
TEOBALD,M,20,14
THANH TÙNG,M,20,0
THIRUPATHI,M,20,0
THẾ,M,20,8
TOLISŁAW,M,20,6
TONDERAI,M,20,3
TORU,M,20,0
TRAN,M,20,4
TYSON,M,20,8
ULISES,M,20,16
USMON,M,20,0
VALĒRIJS,M,20,0
VAN NAM,M,20,0
VARAZDAT,M,20,0
VARDGES,M,20,0
VIGEN,M,20,0
VIỆT,M,20,19
VĂN HƯNG,M,20,0
VĂN MINH,M,20,0
VĂN MẠNH,M,20,0
VĂN ÐỨC,M,20,0
WAHID,M,20,10
WALENTIN,M,20,13
WEN,M,20,0
WENECJUSZ,M,20,19
WON,M,20,23
XING,M,20,2
YACOV,M,20,29
YAMAN,M,20,5
YING,M,20,0
YOURI,M,20,2
YRYSKELDI,M,20,0
YUBRAJ,M,20,0
YVAN,M,20,6
ZEKİ,M,20,6
ZIYODULLO,M,20,0
ZOUHAIR,M,20,0
ÖZER,M,20,0
